EmployeeID,Date,Status
1,7/25/2019,Absent
1,8/16/2019,Absent
1,7/6/2019,Absent
1,2/25/2019,Present
1,12/3/2019,Present
1,7/23/2019,Present
1,12/13/2019,Present
1,2/1/2019,Absent
1,6/25/2019,Present
1,2/6/2019,Absent
1,2/1/2019,Present
1,10/20/2019,Absent
1,1/10/2019,Present
1,12/18/2019,Present
1,10/17/2019,Absent
1,3/5/2019,Absent
1,8/5/2019,Absent
1,5/14/2019,Present
1,6/9/2019,Absent
1,10/20/2019,Present
1,3/10/2019,Absent
1,6/27/2019,Absent
1,8/11/2019,Present
1,5/11/2019,Present
1,8/11/2019,Absent
1,6/10/2019,Absent
1,10/26/2019,Absent
1,5/27/2019,Absent
1,2/19/2019,Present
2,1/24/2019,Present
2,8/26/2019,Present
2,7/22/2019,Absent
2,4/9/2019,Absent
2,7/3/2019,Absent
2,10/13/2019,Absent
2,9/2/2019,Absent
2,12/26/2019,Present
2,2/25/2019,Absent
2,3/21/2019,Absent
2,6/26/2019,Present
2,2/9/2019,Present
2,8/12/2019,Present
2,6/1/2019,Absent
2,7/3/2019,Present
2,6/10/2019,Present
2,9/16/2019,Present
2,8/24/2019,Absent
2,2/10/2019,Present
2,1/28/2019,Present
2,11/26/2019,Present
2,9/6/2019,Absent
2,9/14/2019,Present
2,7/21/2019,Absent
2,7/1/2019,Present
2,8/19/2019,Present
2,12/7/2019,Present
3,2/26/2019,Present
3,6/11/2019,Present
3,5/22/2019,Absent
3,10/13/2019,Present
3,6/12/2019,Present
3,11/23/2019,Present
3,11/5/2019,Present
3,5/4/2019,Present
3,9/13/2019,Present
3,10/13/2019,Absent
3,11/18/2019,Present
3,9/6/2019,Present
3,3/11/2019,Present
3,6/1/2019,Present
3,7/18/2019,Absent
3,7/22/2019,Absent
3,8/6/2019,Present
3,4/10/2019,Present
3,9/10/2019,Absent
3,10/24/2019,Absent
3,9/17/2019,Present
3,5/25/2019,Absent
3,9/27/2019,Absent
3,9/7/2019,Present
3,12/27/2019,Present
3,5/28/2019,Absent
3,5/12/2019,Present
3,8/28/2019,Present
4,12/19/2019,Absent
4,3/20/2019,Present
4,4/26/2019,Absent
4,9/9/2019,Present
4,6/23/2019,Absent
4,9/22/2019,Present
4,7/2/2019,Present
4,12/28/2019,Present
4,12/11/2019,Absent
4,8/5/2019,Absent
4,11/14/2019,Present
4,11/26/2019,Present
4,7/17/2019,Absent
4,8/16/2019,Present
4,12/3/2019,Absent
4,11/22/2019,Present
5,7/7/2019,Present
5,8/9/2019,Absent
5,6/18/2019,Absent
5,6/22/2019,Present
5,2/21/2019,Absent
5,1/4/2019,Present
5,8/15/2019,Absent
5,4/23/2019,Absent
5,3/28/2019,Absent
5,2/21/2019,Present
5,6/22/2019,Present
5,1/13/2019,Present
5,7/21/2019,Present
5,1/7/2019,Present
5,10/8/2019,Absent
5,1/1/2019,Present
5,7/23/2019,Present
5,4/13/2019,Present
5,2/11/2019,Absent
5,3/13/2019,Present
5,11/22/2019,Present
5,10/21/2019,Absent
5,12/7/2019,Present
5,7/20/2019,Present
5,2/4/2019,Present
5,10/24/2019,Absent
5,6/26/2019,Absent
6,2/8/2019,Absent
6,12/1/2019,Absent
6,4/17/2019,Present
6,12/13/2019,Present
6,4/16/2019,Present
6,8/21/2019,Present
6,6/11/2019,Absent
6,6/18/2019,Absent
6,2/1/2019,Present
6,5/7/2019,Present
6,7/17/2019,Absent
6,7/23/2019,Present
6,5/3/2019,Present
6,3/18/2019,Present
6,5/23/2019,Present
6,1/8/2019,Absent
6,2/15/2019,Present
6,5/22/2019,Present
6,2/1/2019,Present
6,3/16/2019,Absent
6,3/12/2019,Absent
6,12/4/2019,Present
6,6/26/2019,Present
6,5/23/2019,Present
6,8/15/2019,Present
6,8/28/2019,Absent
6,3/9/2019,Present
6,4/24/2019,Present
6,1/8/2019,Absent
6,7/5/2019,Present
7,12/24/2019,Present
7,6/8/2019,Absent
7,5/27/2019,Absent
7,2/17/2019,Present
7,3/8/2019,Present
7,7/3/2019,Absent
7,5/11/2019,Absent
7,1/12/2019,Absent
7,12/20/2019,Absent
7,10/16/2019,Present
7,12/18/2019,Present
7,3/1/2019,Present
7,4/18/2019,Present
7,6/1/2019,Absent
7,12/24/2019,Present
7,9/8/2019,Present
7,3/23/2019,Present
7,4/28/2019,Absent
7,8/24/2019,Present
7,9/5/2019,Absent
7,2/19/2019,Absent
7,11/5/2019,Absent
7,6/26/2019,Absent
7,6/15/2019,Present
7,4/5/2019,Present
7,3/4/2019,Absent
7,6/14/2019,Absent
8,8/10/2019,Present
8,2/6/2019,Absent
8,12/23/2019,Present
8,6/5/2019,Present
8,6/13/2019,Absent
8,5/27/2019,Present
8,7/28/2019,Present
8,2/15/2019,Present
8,2/1/2019,Present
8,3/7/2019,Absent
8,11/21/2019,Present
8,10/19/2019,Present
8,1/3/2019,Absent
8,3/3/2019,Absent
8,2/2/2019,Present
8,3/19/2019,Absent
9,1/13/2019,Present
9,6/7/2019,Absent
9,5/15/2019,Present
9,10/20/2019,Absent
9,8/14/2019,Absent
9,1/3/2019,Present
9,7/7/2019,Present
9,11/26/2019,Present
9,7/26/2019,Absent
9,9/26/2019,Absent
9,7/9/2019,Absent
9,10/8/2019,Absent
9,1/26/2019,Absent
9,10/8/2019,Present
9,4/22/2019,Present
9,4/19/2019,Absent
9,6/27/2019,Present
9,3/8/2019,Absent
9,10/1/2019,Absent
9,10/19/2019,Present
9,8/18/2019,Absent
9,1/3/2019,Present
9,1/17/2019,Absent
9,10/7/2019,Absent
9,12/6/2019,Absent
10,1/5/2019,Present
10,2/28/2019,Absent
10,2/12/2019,Absent
10,10/4/2019,Absent
10,3/6/2019,Absent
10,11/16/2019,Present
10,12/18/2019,Absent
10,4/22/2019,Present
10,7/10/2019,Absent
10,3/6/2019,Absent
10,10/2/2019,Absent
11,4/21/2019,Absent
11,3/11/2019,Present
11,6/11/2019,Present
11,12/22/2019,Absent
11,8/1/2019,Present
11,12/3/2019,Present
11,12/1/2019,Absent
11,12/14/2019,Absent
11,8/13/2019,Absent
11,2/27/2019,Present
11,3/15/2019,Present
11,5/1/2019,Present
11,2/11/2019,Absent
11,3/24/2019,Present
11,6/20/2019,Absent
11,12/1/2019,Present
11,10/14/2019,Present
11,6/7/2019,Absent
11,12/18/2019,Absent
11,11/10/2019,Present
11,1/13/2019,Absent
11,3/2/2019,Absent
11,2/10/2019,Absent
11,4/4/2019,Present
11,11/10/2019,Absent
11,2/10/2019,Absent
11,8/22/2019,Absent
11,3/12/2019,Absent
11,3/15/2019,Absent
12,5/8/2019,Present
12,3/25/2019,Present
12,2/22/2019,Absent
12,10/8/2019,Absent
12,9/14/2019,Absent
12,10/8/2019,Present
12,7/28/2019,Present
12,2/25/2019,Present
12,4/26/2019,Present
12,7/3/2019,Absent
12,4/27/2019,Absent
12,6/24/2019,Present
12,2/13/2019,Absent
12,5/17/2019,Present
12,12/20/2019,Absent
12,2/14/2019,Present
12,2/19/2019,Absent
12,9/12/2019,Absent
12,7/21/2019,Absent
12,1/6/2019,Present
12,10/20/2019,Absent
12,1/13/2019,Absent
12,12/8/2019,Absent
12,5/12/2019,Absent
13,5/27/2019,Present
13,4/5/2019,Absent
13,6/9/2019,Present
13,4/15/2019,Absent
13,12/16/2019,Absent
13,1/17/2019,Present
13,5/23/2019,Present
13,9/19/2019,Present
13,4/27/2019,Present
13,8/2/2019,Present
13,5/12/2019,Absent
13,11/4/2019,Present
13,6/16/2019,Present
13,8/19/2019,Absent
13,3/27/2019,Present
13,5/1/2019,Present
13,10/25/2019,Present
13,11/8/2019,Absent
13,11/14/2019,Present
14,3/21/2019,Present
14,4/9/2019,Absent
14,12/23/2019,Absent
14,7/28/2019,Absent
14,4/15/2019,Absent
14,10/4/2019,Absent
14,9/21/2019,Absent
14,5/22/2019,Present
14,6/9/2019,Absent
14,5/21/2019,Absent
14,4/5/2019,Present
14,1/26/2019,Absent
14,11/11/2019,Present
14,11/16/2019,Absent
14,7/13/2019,Present
14,10/23/2019,Present
14,6/24/2019,Absent
14,11/12/2019,Present
14,11/18/2019,Present
14,8/5/2019,Present
14,11/11/2019,Present
14,6/8/2019,Absent
14,7/26/2019,Absent
14,5/19/2019,Present
14,8/2/2019,Present
15,4/17/2019,Absent
15,9/10/2019,Present
15,3/7/2019,Absent
15,3/11/2019,Present
15,2/16/2019,Present
15,6/21/2019,Absent
15,5/7/2019,Present
15,10/25/2019,Present
15,3/20/2019,Absent
15,7/14/2019,Absent
15,1/2/2019,Absent
15,1/11/2019,Present
15,1/22/2019,Present
15,4/23/2019,Absent
15,3/4/2019,Absent
15,3/3/2019,Absent
15,5/15/2019,Absent
15,7/22/2019,Absent
15,8/12/2019,Present
15,7/1/2019,Present
15,4/24/2019,Present
15,2/12/2019,Present
15,7/21/2019,Present
15,10/2/2019,Present
15,1/23/2019,Absent
16,2/18/2019,Present
16,4/23/2019,Present
16,5/14/2019,Absent
16,10/20/2019,Absent
16,2/17/2019,Present
16,5/4/2019,Absent
16,4/20/2019,Absent
16,9/7/2019,Absent
16,5/6/2019,Absent
16,4/23/2019,Absent
16,4/1/2019,Present
16,2/27/2019,Absent
16,3/3/2019,Present
16,12/24/2019,Absent
16,11/8/2019,Absent
16,5/15/2019,Present
16,1/28/2019,Absent
16,7/24/2019,Present
16,1/28/2019,Present
16,6/12/2019,Absent
16,12/3/2019,Absent
16,3/4/2019,Absent
17,7/23/2019,Absent
17,11/26/2019,Present
17,12/24/2019,Present
17,2/14/2019,Absent
17,10/22/2019,Absent
17,6/20/2019,Present
17,8/16/2019,Absent
17,8/2/2019,Absent
17,1/23/2019,Present
17,11/28/2019,Present
17,7/22/2019,Absent
17,6/22/2019,Absent
17,3/27/2019,Present
17,1/21/2019,Absent
17,8/28/2019,Absent
17,6/8/2019,Absent
17,1/17/2019,Absent
17,7/27/2019,Absent
18,10/15/2019,Absent
18,8/11/2019,Absent
18,12/21/2019,Absent
18,7/2/2019,Present
18,2/26/2019,Absent
18,9/18/2019,Absent
18,6/12/2019,Present
18,8/11/2019,Absent
18,12/22/2019,Absent
18,2/4/2019,Present
18,1/11/2019,Absent
18,9/17/2019,Present
18,1/6/2019,Absent
18,2/9/2019,Present
18,2/28/2019,Absent
18,4/23/2019,Absent
18,1/21/2019,Present
18,8/15/2019,Present
18,8/1/2019,Present
18,9/14/2019,Absent
18,9/25/2019,Present
18,12/19/2019,Present
18,2/13/2019,Absent
18,9/13/2019,Present
19,7/11/2019,Absent
19,3/5/2019,Absent
19,12/18/2019,Present
19,4/7/2019,Absent
19,11/12/2019,Present
19,12/21/2019,Present
19,9/18/2019,Absent
19,12/4/2019,Absent
19,10/19/2019,Absent
19,11/24/2019,Absent
19,7/26/2019,Present
19,1/13/2019,Present
19,4/9/2019,Present
19,5/22/2019,Present
19,12/26/2019,Present
19,6/27/2019,Present
19,12/21/2019,Present
19,9/26/2019,Absent
20,7/13/2019,Absent
20,9/2/2019,Absent
20,4/20/2019,Absent
20,4/21/2019,Absent
20,10/18/2019,Present
20,12/7/2019,Present
20,11/3/2019,Present
20,12/17/2019,Present
20,7/9/2019,Present
20,3/19/2019,Present
20,6/15/2019,Present
21,3/11/2019,Absent
21,8/26/2019,Absent
21,2/26/2019,Present
21,3/17/2019,Present
21,7/18/2019,Present
21,6/8/2019,Absent
21,6/12/2019,Absent
21,9/27/2019,Present
21,2/22/2019,Present
21,11/20/2019,Present
21,1/22/2019,Absent
22,7/9/2019,Absent
22,1/17/2019,Absent
22,9/26/2019,Absent
22,1/10/2019,Present
22,6/17/2019,Present
22,3/25/2019,Present
22,11/3/2019,Present
22,11/14/2019,Present
22,9/27/2019,Absent
22,11/27/2019,Present
22,1/15/2019,Present
22,2/3/2019,Absent
22,9/3/2019,Present
23,7/13/2019,Absent
23,7/11/2019,Present
23,9/1/2019,Present
23,12/19/2019,Present
23,6/17/2019,Absent
23,10/3/2019,Absent
23,7/13/2019,Present
23,8/6/2019,Present
23,12/13/2019,Absent
23,11/5/2019,Absent
23,1/18/2019,Present
23,2/2/2019,Absent
23,9/18/2019,Absent
23,4/24/2019,Absent
23,4/14/2019,Present
23,3/6/2019,Absent
23,4/4/2019,Present
23,9/15/2019,Present
24,11/3/2019,Present
24,12/19/2019,Absent
24,6/5/2019,Present
24,2/10/2019,Present
24,6/16/2019,Absent
24,12/19/2019,Absent
24,6/14/2019,Absent
24,4/26/2019,Absent
24,5/27/2019,Absent
24,8/15/2019,Absent
24,8/18/2019,Present
24,5/28/2019,Present
24,5/24/2019,Present
24,12/3/2019,Present
24,10/19/2019,Present
24,1/18/2019,Absent
24,11/25/2019,Absent
24,4/25/2019,Absent
24,3/15/2019,Present
25,6/17/2019,Present
25,10/22/2019,Present
25,8/6/2019,Present
25,12/24/2019,Absent
25,1/8/2019,Present
25,2/9/2019,Present
25,11/7/2019,Absent
25,7/16/2019,Present
25,1/21/2019,Absent
25,12/9/2019,Present
25,7/21/2019,Present
25,9/9/2019,Present
25,9/13/2019,Absent
25,8/26/2019,Present
25,9/5/2019,Present
25,2/17/2019,Present
25,3/6/2019,Present
25,11/8/2019,Absent
25,12/4/2019,Absent
25,8/7/2019,Absent
25,1/8/2019,Present
25,3/21/2019,Present
26,3/9/2019,Absent
26,10/19/2019,Absent
26,2/7/2019,Absent
26,8/6/2019,Absent
26,10/5/2019,Present
26,10/22/2019,Present
26,12/22/2019,Absent
26,10/19/2019,Absent
26,7/5/2019,Present
26,9/28/2019,Absent
26,3/20/2019,Absent
27,10/2/2019,Present
27,2/16/2019,Present
27,11/21/2019,Absent
27,6/28/2019,Absent
27,4/26/2019,Absent
27,6/19/2019,Present
27,7/5/2019,Present
27,2/10/2019,Absent
27,5/7/2019,Present
27,10/17/2019,Present
27,7/21/2019,Absent
27,7/12/2019,Absent
27,11/19/2019,Absent
27,10/12/2019,Absent
27,4/14/2019,Absent
27,3/12/2019,Absent
27,5/10/2019,Absent
27,12/5/2019,Present
27,12/8/2019,Present
27,2/7/2019,Absent
27,9/20/2019,Present
27,3/13/2019,Present
27,2/27/2019,Absent
27,2/3/2019,Absent
27,2/20/2019,Absent
27,7/20/2019,Absent
27,12/20/2019,Present
27,11/16/2019,Present
27,11/26/2019,Present
28,10/17/2019,Present
28,10/6/2019,Absent
28,4/21/2019,Present
28,2/9/2019,Absent
28,11/13/2019,Present
28,9/1/2019,Present
28,2/18/2019,Absent
28,6/27/2019,Present
28,8/13/2019,Absent
28,3/14/2019,Present
28,9/10/2019,Present
29,5/18/2019,Absent
29,12/15/2019,Absent
29,4/25/2019,Absent
29,11/15/2019,Present
29,8/4/2019,Absent
29,11/26/2019,Present
29,6/14/2019,Present
29,12/27/2019,Absent
29,2/13/2019,Absent
29,2/18/2019,Absent
29,6/12/2019,Absent
29,3/24/2019,Present
29,8/24/2019,Present
29,5/7/2019,Present
29,10/12/2019,Present
29,2/3/2019,Absent
29,10/1/2019,Present
29,8/12/2019,Absent
29,10/28/2019,Present
29,9/9/2019,Present
29,1/17/2019,Absent
29,9/2/2019,Absent
29,11/25/2019,Present
29,12/17/2019,Present
29,1/22/2019,Present
29,6/12/2019,Absent
30,9/9/2019,Absent
30,10/11/2019,Absent
30,7/7/2019,Absent
30,6/28/2019,Absent
30,3/19/2019,Present
30,2/24/2019,Present
30,9/14/2019,Present
30,3/26/2019,Present
30,8/26/2019,Absent
30,8/5/2019,Absent
30,8/10/2019,Present
30,7/4/2019,Present
30,4/27/2019,Present
30,8/24/2019,Absent
30,6/18/2019,Absent
31,1/14/2019,Present
31,10/19/2019,Present
31,5/12/2019,Absent
31,12/15/2019,Absent
31,10/10/2019,Present
31,3/21/2019,Absent
31,7/21/2019,Absent
31,2/3/2019,Present
31,6/11/2019,Absent
31,10/21/2019,Absent
31,6/24/2019,Absent
31,7/6/2019,Present
31,3/24/2019,Absent
31,12/23/2019,Present
31,3/13/2019,Present
31,8/18/2019,Absent
31,9/25/2019,Present
31,5/20/2019,Absent
31,5/8/2019,Absent
31,8/21/2019,Present
31,1/2/2019,Absent
32,8/28/2019,Absent
32,9/15/2019,Present
32,10/20/2019,Absent
32,9/21/2019,Absent
32,6/16/2019,Present
32,8/10/2019,Absent
32,3/10/2019,Present
32,6/10/2019,Present
32,12/16/2019,Absent
32,5/1/2019,Absent
32,10/8/2019,Absent
32,4/14/2019,Absent
32,7/8/2019,Absent
32,7/8/2019,Absent
32,11/8/2019,Absent
32,5/21/2019,Absent
32,7/7/2019,Present
32,3/10/2019,Absent
32,10/15/2019,Absent
32,4/11/2019,Present
32,9/1/2019,Present
32,5/9/2019,Absent
32,12/1/2019,Present
32,1/16/2019,Absent
32,5/26/2019,Absent
33,12/26/2019,Present
33,3/2/2019,Absent
33,2/18/2019,Present
33,5/27/2019,Present
33,2/25/2019,Absent
33,8/8/2019,Present
33,4/15/2019,Present
33,9/22/2019,Absent
33,7/22/2019,Absent
33,3/21/2019,Present
33,5/16/2019,Present
33,6/2/2019,Present
33,2/8/2019,Absent
33,1/6/2019,Present
33,7/26/2019,Present
33,10/26/2019,Present
33,6/25/2019,Present
33,8/3/2019,Absent
33,11/2/2019,Present
33,12/18/2019,Present
33,8/8/2019,Absent
33,8/24/2019,Absent
33,6/24/2019,Present
33,8/23/2019,Absent
34,12/16/2019,Present
34,9/12/2019,Absent
34,5/28/2019,Present
34,2/17/2019,Absent
34,5/18/2019,Present
34,11/17/2019,Present
34,1/20/2019,Present
34,6/24/2019,Absent
34,4/17/2019,Present
34,10/10/2019,Absent
34,2/4/2019,Present
34,1/27/2019,Present
34,1/7/2019,Present
34,2/2/2019,Absent
34,11/16/2019,Absent
34,1/12/2019,Present
34,1/7/2019,Present
34,8/26/2019,Absent
34,9/24/2019,Absent
34,6/26/2019,Absent
34,9/2/2019,Absent
34,2/7/2019,Present
34,2/24/2019,Absent
34,4/7/2019,Present
34,10/21/2019,Absent
34,12/4/2019,Absent
34,11/15/2019,Absent
35,3/26/2019,Absent
35,9/11/2019,Absent
35,6/11/2019,Absent
35,6/14/2019,Absent
35,12/11/2019,Present
35,7/25/2019,Absent
35,6/15/2019,Absent
35,1/24/2019,Absent
35,10/1/2019,Absent
35,1/10/2019,Present
35,6/1/2019,Absent
35,9/17/2019,Present
35,2/2/2019,Present
36,5/12/2019,Present
36,4/9/2019,Present
36,10/13/2019,Present
36,12/3/2019,Absent
36,3/16/2019,Present
36,10/21/2019,Absent
36,2/25/2019,Absent
36,6/27/2019,Present
36,4/24/2019,Present
36,11/25/2019,Present
36,5/17/2019,Present
36,6/17/2019,Present
36,1/22/2019,Absent
36,8/25/2019,Present
37,7/10/2019,Present
37,3/11/2019,Present
37,9/13/2019,Absent
37,9/14/2019,Present
37,3/16/2019,Absent
37,7/21/2019,Present
37,4/3/2019,Absent
37,6/22/2019,Present
37,2/22/2019,Absent
37,6/7/2019,Present
37,5/6/2019,Absent
37,10/5/2019,Present
37,4/22/2019,Present
37,2/24/2019,Present
37,5/1/2019,Present
37,5/15/2019,Absent
37,4/24/2019,Present
38,9/25/2019,Absent
38,10/24/2019,Present
38,7/19/2019,Present
38,5/6/2019,Present
38,12/20/2019,Absent
38,11/1/2019,Absent
38,11/28/2019,Absent
38,2/1/2019,Absent
38,4/13/2019,Present
38,6/16/2019,Present
38,3/7/2019,Absent
38,9/23/2019,Present
38,9/10/2019,Absent
38,12/6/2019,Absent
38,6/21/2019,Absent
38,1/21/2019,Absent
38,1/18/2019,Present
38,3/11/2019,Present
38,2/24/2019,Present
38,7/8/2019,Absent
38,5/20/2019,Present
38,4/21/2019,Present
38,3/10/2019,Present
38,7/25/2019,Present
38,6/3/2019,Present
38,3/11/2019,Present
38,12/1/2019,Absent
39,5/15/2019,Absent
39,3/25/2019,Present
39,3/1/2019,Absent
39,10/19/2019,Present
39,4/22/2019,Present
39,12/25/2019,Absent
39,12/21/2019,Absent
39,8/16/2019,Present
39,4/2/2019,Present
39,5/14/2019,Present
39,4/3/2019,Absent
39,10/16/2019,Absent
39,4/14/2019,Present
39,10/24/2019,Absent
39,7/20/2019,Present
39,9/4/2019,Present
39,4/17/2019,Present
39,9/13/2019,Present
39,4/10/2019,Absent
39,5/15/2019,Absent
39,10/2/2019,Present
39,8/27/2019,Present
39,12/17/2019,Present
40,7/11/2019,Present
40,8/19/2019,Present
40,8/3/2019,Present
40,12/24/2019,Present
40,12/15/2019,Present
40,9/23/2019,Present
40,7/18/2019,Present
40,6/19/2019,Present
40,3/28/2019,Present
40,7/10/2019,Absent
40,5/21/2019,Present
40,4/1/2019,Absent
40,1/15/2019,Absent
40,9/26/2019,Absent
40,4/7/2019,Absent
40,8/14/2019,Present
40,4/18/2019,Present
40,1/6/2019,Absent
40,1/5/2019,Absent
40,6/3/2019,Absent
40,3/6/2019,Present
40,8/24/2019,Present
41,5/11/2019,Absent
41,2/25/2019,Present
41,5/16/2019,Absent
41,6/17/2019,Present
41,12/7/2019,Present
41,10/24/2019,Present
41,8/24/2019,Absent
41,7/20/2019,Absent
41,9/19/2019,Absent
41,3/20/2019,Absent
41,8/26/2019,Present
41,12/10/2019,Present
42,1/15/2019,Present
42,12/28/2019,Absent
42,7/2/2019,Present
42,1/21/2019,Absent
42,5/26/2019,Absent
42,9/18/2019,Present
42,2/22/2019,Absent
42,12/19/2019,Present
42,3/7/2019,Absent
42,11/16/2019,Present
42,11/5/2019,Absent
42,9/11/2019,Absent
42,12/2/2019,Absent
43,12/22/2019,Present
43,4/19/2019,Absent
43,2/5/2019,Present
43,6/13/2019,Present
43,10/20/2019,Present
43,5/23/2019,Present
43,5/14/2019,Present
43,6/15/2019,Absent
43,4/17/2019,Present
43,6/26/2019,Present
43,2/15/2019,Absent
43,9/5/2019,Absent
43,12/28/2019,Absent
43,3/25/2019,Present
43,4/24/2019,Absent
43,12/28/2019,Present
43,5/2/2019,Present
43,6/15/2019,Present
43,9/25/2019,Absent
43,1/19/2019,Present
43,6/7/2019,Absent
43,9/11/2019,Present
43,5/5/2019,Present
43,1/20/2019,Present
43,4/18/2019,Absent
43,5/5/2019,Absent
43,10/8/2019,Absent
43,10/11/2019,Present
44,1/16/2019,Present
44,2/13/2019,Absent
44,7/6/2019,Absent
44,10/12/2019,Present
44,12/25/2019,Present
44,8/19/2019,Absent
44,2/15/2019,Absent
44,8/8/2019,Present
44,10/9/2019,Absent
44,3/23/2019,Absent
44,6/15/2019,Present
44,8/4/2019,Absent
44,3/10/2019,Present
44,9/4/2019,Present
45,9/21/2019,Absent
45,9/15/2019,Absent
45,4/20/2019,Present
45,8/13/2019,Present
45,12/19/2019,Absent
45,10/26/2019,Present
45,3/22/2019,Absent
45,2/19/2019,Absent
45,9/4/2019,Present
45,5/13/2019,Present
45,11/27/2019,Absent
45,6/16/2019,Present
45,2/7/2019,Present
45,3/22/2019,Absent
45,7/20/2019,Present
45,4/22/2019,Absent
45,10/26/2019,Absent
45,7/23/2019,Absent
45,2/19/2019,Absent
45,3/28/2019,Absent
46,1/1/2019,Absent
46,2/28/2019,Present
46,4/14/2019,Absent
46,11/11/2019,Absent
46,7/14/2019,Present
46,8/5/2019,Absent
46,6/27/2019,Absent
46,11/5/2019,Present
46,11/1/2019,Absent
46,11/14/2019,Present
46,2/5/2019,Absent
46,8/26/2019,Absent
46,10/6/2019,Absent
46,9/27/2019,Absent
46,4/6/2019,Present
46,10/16/2019,Present
46,12/17/2019,Absent
46,1/2/2019,Absent
46,2/19/2019,Present
46,3/24/2019,Absent
46,8/17/2019,Present
46,4/16/2019,Present
46,11/21/2019,Absent
46,10/2/2019,Present
46,8/15/2019,Absent
46,10/24/2019,Absent
46,5/10/2019,Absent
47,5/2/2019,Present
47,10/2/2019,Absent
47,12/20/2019,Absent
47,2/5/2019,Absent
47,5/5/2019,Absent
47,5/1/2019,Present
47,10/24/2019,Absent
47,6/26/2019,Present
47,8/6/2019,Present
47,6/3/2019,Present
47,8/25/2019,Absent
47,4/22/2019,Present
47,4/19/2019,Absent
47,1/21/2019,Present
47,1/6/2019,Absent
47,5/16/2019,Present
47,7/22/2019,Absent
47,5/5/2019,Absent
47,1/10/2019,Absent
47,7/22/2019,Present
47,2/18/2019,Absent
47,10/21/2019,Absent
47,5/9/2019,Absent
47,11/19/2019,Present
47,12/22/2019,Present
47,9/11/2019,Present
47,6/18/2019,Present
47,2/1/2019,Present
48,6/8/2019,Absent
48,4/2/2019,Present
48,1/20/2019,Present
48,10/21/2019,Present
48,2/28/2019,Absent
48,11/25/2019,Present
48,2/23/2019,Absent
48,8/22/2019,Absent
48,5/25/2019,Absent
48,5/6/2019,Absent
48,1/13/2019,Present
48,5/27/2019,Absent
48,2/16/2019,Present
48,10/13/2019,Absent
48,2/5/2019,Absent
48,4/20/2019,Absent
48,12/9/2019,Present
48,2/19/2019,Absent
48,1/16/2019,Present
48,1/22/2019,Present
48,12/11/2019,Present
48,9/23/2019,Absent
48,8/14/2019,Present
48,9/8/2019,Absent
49,10/18/2019,Absent
49,6/22/2019,Present
49,11/21/2019,Absent
49,2/27/2019,Absent
49,11/7/2019,Present
49,7/22/2019,Absent
49,2/21/2019,Absent
49,2/21/2019,Present
49,3/2/2019,Present
49,8/13/2019,Absent
49,8/18/2019,Absent
49,1/2/2019,Absent
49,12/2/2019,Present
50,11/17/2019,Present
50,12/19/2019,Present
50,1/24/2019,Present
50,8/20/2019,Present
50,1/6/2019,Absent
50,2/15/2019,Present
50,2/4/2019,Present
50,2/26/2019,Absent
50,12/22/2019,Present
50,11/19/2019,Absent
50,4/25/2019,Present
50,6/3/2019,Present
50,7/6/2019,Present
50,8/8/2019,Present
50,3/4/2019,Absent
50,3/1/2019,Present
50,1/1/2019,Present
50,12/21/2019,Absent
50,7/23/2019,Absent
50,12/5/2019,Absent
50,9/15/2019,Present
50,10/23/2019,Present
50,12/16/2019,Present
50,11/27/2019,Absent
50,7/1/2019,Present
50,2/17/2019,Absent
50,9/17/2019,Present
50,5/2/2019,Present
50,11/28/2019,Absent
50,8/6/2019,Present
51,11/12/2019,Absent
51,5/11/2019,Absent
51,1/4/2019,Present
51,3/26/2019,Present
51,2/8/2019,Absent
51,7/7/2019,Absent
51,4/25/2019,Present
51,2/8/2019,Present
51,7/8/2019,Absent
51,1/14/2019,Absent
51,3/13/2019,Absent
52,11/12/2019,Present
52,6/5/2019,Present
52,5/5/2019,Absent
52,8/14/2019,Absent
52,4/10/2019,Present
52,10/18/2019,Present
52,7/28/2019,Present
52,10/16/2019,Absent
52,1/24/2019,Present
52,4/11/2019,Present
52,10/5/2019,Present
52,7/2/2019,Absent
52,12/25/2019,Absent
52,9/13/2019,Present
52,8/16/2019,Present
52,12/24/2019,Present
53,6/10/2019,Present
53,1/16/2019,Present
53,12/15/2019,Present
53,8/15/2019,Absent
53,3/26/2019,Absent
53,12/21/2019,Present
53,7/23/2019,Present
53,5/14/2019,Present
53,11/3/2019,Absent
53,12/2/2019,Absent
53,1/4/2019,Absent
53,10/2/2019,Present
53,11/18/2019,Present
53,3/11/2019,Present
54,8/24/2019,Present
54,12/25/2019,Absent
54,5/17/2019,Absent
54,1/3/2019,Absent
54,8/17/2019,Present
54,8/23/2019,Absent
54,8/20/2019,Present
54,4/15/2019,Absent
54,3/10/2019,Present
54,2/6/2019,Present
54,8/5/2019,Present
54,5/14/2019,Present
54,8/12/2019,Present
54,5/7/2019,Present
54,9/21/2019,Absent
54,11/21/2019,Absent
54,10/22/2019,Absent
54,8/10/2019,Absent
54,3/26/2019,Absent
54,6/10/2019,Present
54,3/12/2019,Present
54,10/6/2019,Absent
54,3/6/2019,Present
54,3/8/2019,Absent
54,10/5/2019,Absent
54,3/7/2019,Present
54,11/11/2019,Present
54,6/15/2019,Present
54,9/10/2019,Present
54,7/16/2019,Absent
55,3/1/2019,Absent
55,11/23/2019,Absent
55,10/22/2019,Absent
55,6/23/2019,Absent
55,1/5/2019,Present
55,5/1/2019,Present
55,8/12/2019,Present
55,10/21/2019,Present
55,5/7/2019,Absent
55,11/22/2019,Absent
55,4/16/2019,Present
55,11/12/2019,Absent
55,6/13/2019,Absent
55,6/12/2019,Absent
55,9/3/2019,Absent
55,12/14/2019,Absent
55,3/26/2019,Absent
55,12/14/2019,Present
55,3/7/2019,Absent
55,2/19/2019,Present
56,7/21/2019,Absent
56,3/18/2019,Present
56,4/6/2019,Absent
56,9/16/2019,Absent
56,10/10/2019,Absent
56,4/1/2019,Present
56,5/10/2019,Absent
56,2/21/2019,Absent
56,7/6/2019,Present
56,1/4/2019,Absent
57,10/24/2019,Absent
57,10/14/2019,Absent
57,12/27/2019,Present
57,5/6/2019,Present
57,6/15/2019,Present
57,6/6/2019,Absent
57,7/21/2019,Absent
57,1/10/2019,Present
57,9/7/2019,Present
57,2/20/2019,Absent
57,6/27/2019,Absent
57,5/22/2019,Absent
58,9/19/2019,Present
58,1/5/2019,Absent
58,8/14/2019,Present
58,2/7/2019,Present
58,4/26/2019,Present
58,7/15/2019,Present
58,3/1/2019,Absent
58,12/12/2019,Absent
58,10/17/2019,Absent
58,3/23/2019,Present
58,4/5/2019,Present
58,12/8/2019,Present
58,3/3/2019,Present
59,1/25/2019,Absent
59,1/7/2019,Present
59,8/4/2019,Present
59,2/10/2019,Present
59,2/20/2019,Present
59,3/22/2019,Present
59,3/28/2019,Absent
59,10/12/2019,Present
59,9/19/2019,Present
59,9/7/2019,Absent
59,3/25/2019,Present
59,4/17/2019,Absent
60,12/19/2019,Present
60,3/27/2019,Absent
60,7/7/2019,Absent
60,2/25/2019,Present
60,8/4/2019,Absent
60,6/23/2019,Present
60,2/11/2019,Absent
60,5/15/2019,Absent
60,11/27/2019,Absent
60,5/28/2019,Present
60,8/22/2019,Present
60,11/16/2019,Absent
60,8/17/2019,Present
60,2/5/2019,Present
60,12/6/2019,Present
60,6/7/2019,Absent
60,2/8/2019,Absent
60,5/25/2019,Absent
60,11/13/2019,Absent
60,8/17/2019,Absent
60,2/4/2019,Absent
61,11/5/2019,Present
61,2/16/2019,Present
61,7/20/2019,Present
61,5/20/2019,Present
61,11/25/2019,Absent
61,8/7/2019,Absent
61,8/17/2019,Absent
61,9/18/2019,Present
61,7/4/2019,Absent
61,7/15/2019,Present
61,3/18/2019,Absent
61,12/6/2019,Present
61,5/23/2019,Present
61,10/22/2019,Absent
61,8/18/2019,Present
61,7/9/2019,Absent
61,10/22/2019,Absent
62,1/1/2019,Present
62,6/12/2019,Present
62,11/11/2019,Absent
62,6/12/2019,Present
62,11/8/2019,Absent
62,10/3/2019,Present
62,5/4/2019,Present
62,9/11/2019,Absent
62,10/17/2019,Absent
62,1/23/2019,Present
62,6/13/2019,Absent
62,10/4/2019,Present
62,12/22/2019,Absent
62,9/26/2019,Absent
62,3/20/2019,Absent
62,4/16/2019,Present
62,9/7/2019,Present
62,5/19/2019,Present
62,10/24/2019,Present
62,10/11/2019,Absent
63,4/12/2019,Absent
63,9/26/2019,Absent
63,4/14/2019,Absent
63,11/25/2019,Present
63,11/23/2019,Present
63,10/16/2019,Absent
63,5/21/2019,Absent
63,10/24/2019,Present
63,6/15/2019,Present
63,12/22/2019,Absent
63,7/11/2019,Present
63,11/7/2019,Absent
63,5/21/2019,Present
63,7/8/2019,Present
63,1/8/2019,Absent
63,8/16/2019,Absent
63,7/21/2019,Present
63,3/9/2019,Absent
63,5/22/2019,Present
63,12/16/2019,Present
63,2/11/2019,Present
63,7/12/2019,Present
63,7/27/2019,Present
64,2/19/2019,Present
64,9/22/2019,Absent
64,8/3/2019,Present
64,6/11/2019,Absent
64,12/24/2019,Absent
64,4/5/2019,Present
64,5/15/2019,Present
64,8/18/2019,Present
64,6/18/2019,Present
64,5/26/2019,Absent
64,8/23/2019,Absent
64,1/21/2019,Present
64,12/22/2019,Present
64,12/26/2019,Absent
64,9/13/2019,Absent
64,11/4/2019,Present
64,8/13/2019,Absent
65,5/3/2019,Present
65,5/7/2019,Present
65,8/21/2019,Absent
65,1/9/2019,Absent
65,8/24/2019,Absent
65,12/14/2019,Present
65,3/23/2019,Present
65,6/14/2019,Absent
65,8/23/2019,Present
65,11/21/2019,Absent
65,11/5/2019,Present
65,11/10/2019,Present
65,2/6/2019,Present
65,10/22/2019,Absent
65,8/16/2019,Present
65,5/6/2019,Absent
65,5/7/2019,Absent
65,3/13/2019,Present
66,1/18/2019,Present
66,2/15/2019,Present
66,1/13/2019,Absent
66,3/3/2019,Present
66,10/4/2019,Absent
66,8/27/2019,Present
66,4/23/2019,Absent
66,5/24/2019,Present
66,7/28/2019,Present
66,5/24/2019,Absent
67,7/26/2019,Absent
67,5/8/2019,Present
67,6/19/2019,Absent
67,2/1/2019,Absent
67,12/13/2019,Absent
67,12/14/2019,Absent
67,2/4/2019,Present
67,6/8/2019,Absent
67,10/22/2019,Present
67,1/9/2019,Absent
67,5/13/2019,Present
67,9/2/2019,Absent
67,3/17/2019,Absent
67,8/5/2019,Absent
67,3/9/2019,Present
68,8/28/2019,Absent
68,12/12/2019,Absent
68,5/20/2019,Absent
68,9/11/2019,Present
68,6/24/2019,Present
68,9/28/2019,Absent
68,1/7/2019,Present
68,3/2/2019,Present
68,12/15/2019,Absent
68,1/15/2019,Absent
68,8/16/2019,Present
68,2/12/2019,Absent
68,3/27/2019,Absent
68,10/22/2019,Present
69,10/6/2019,Present
69,4/25/2019,Present
69,6/1/2019,Present
69,7/12/2019,Present
69,6/5/2019,Absent
69,12/22/2019,Absent
69,10/22/2019,Present
69,11/20/2019,Absent
69,12/24/2019,Present
69,4/28/2019,Absent
69,6/26/2019,Present
69,9/20/2019,Absent
69,5/6/2019,Absent
69,2/1/2019,Present
69,7/25/2019,Present
69,2/10/2019,Absent
69,12/26/2019,Present
69,6/22/2019,Absent
69,9/7/2019,Absent
69,8/9/2019,Absent
69,2/25/2019,Absent
69,10/6/2019,Absent
69,2/2/2019,Absent
69,11/8/2019,Present
69,8/17/2019,Present
69,5/15/2019,Absent
70,3/5/2019,Absent
70,4/17/2019,Present
70,9/3/2019,Present
70,9/14/2019,Absent
70,11/24/2019,Absent
70,6/9/2019,Present
70,2/24/2019,Present
70,3/27/2019,Present
70,7/23/2019,Absent
70,11/15/2019,Absent
70,6/28/2019,Present
70,3/3/2019,Absent
70,11/4/2019,Present
70,1/13/2019,Present
70,11/16/2019,Absent
70,11/24/2019,Absent
70,5/20/2019,Absent
70,12/22/2019,Absent
70,5/3/2019,Present
71,2/27/2019,Present
71,1/7/2019,Present
71,11/8/2019,Present
71,2/10/2019,Present
71,8/14/2019,Present
71,3/24/2019,Absent
71,8/1/2019,Present
71,4/10/2019,Absent
71,1/11/2019,Absent
71,7/28/2019,Absent
71,1/16/2019,Absent
71,4/23/2019,Present
71,7/19/2019,Present
71,5/21/2019,Absent
71,2/16/2019,Absent
71,8/23/2019,Present
72,12/7/2019,Absent
72,4/17/2019,Absent
72,10/28/2019,Absent
72,3/10/2019,Absent
72,7/27/2019,Absent
72,8/26/2019,Present
72,10/7/2019,Present
72,11/16/2019,Present
72,3/20/2019,Absent
72,8/10/2019,Present
72,1/12/2019,Absent
72,11/6/2019,Present
72,2/11/2019,Present
72,2/18/2019,Absent
72,6/26/2019,Present
72,9/9/2019,Present
72,12/2/2019,Absent
72,8/27/2019,Present
72,10/20/2019,Present
73,1/17/2019,Present
73,4/12/2019,Absent
73,12/15/2019,Absent
73,12/28/2019,Absent
73,6/27/2019,Present
73,8/14/2019,Present
73,4/27/2019,Absent
73,5/17/2019,Absent
73,6/23/2019,Absent
73,11/22/2019,Absent
73,4/5/2019,Absent
73,7/15/2019,Absent
73,1/15/2019,Present
73,12/26/2019,Present
73,2/11/2019,Present
73,7/2/2019,Present
73,11/21/2019,Present
73,11/23/2019,Absent
73,7/13/2019,Absent
73,12/24/2019,Absent
73,1/27/2019,Present
73,12/13/2019,Present
73,9/20/2019,Absent
73,12/12/2019,Absent
73,4/10/2019,Absent
73,7/24/2019,Present
73,9/18/2019,Present
74,9/10/2019,Present
74,1/1/2019,Absent
74,4/27/2019,Absent
74,9/4/2019,Absent
74,5/21/2019,Present
74,1/25/2019,Present
74,8/10/2019,Present
74,8/11/2019,Present
74,6/10/2019,Present
74,12/13/2019,Present
74,2/11/2019,Present
74,6/15/2019,Absent
74,7/3/2019,Absent
74,3/16/2019,Present
74,6/22/2019,Absent
74,5/19/2019,Absent
74,8/23/2019,Absent
74,12/14/2019,Present
74,9/5/2019,Absent
74,3/23/2019,Present
74,12/7/2019,Present
74,12/6/2019,Absent
74,2/20/2019,Present
74,2/12/2019,Present
74,9/5/2019,Absent
74,6/10/2019,Present
75,3/26/2019,Present
75,5/10/2019,Absent
75,1/4/2019,Present
75,1/14/2019,Absent
75,10/15/2019,Absent
75,8/27/2019,Present
75,3/17/2019,Absent
75,11/15/2019,Absent
75,2/26/2019,Absent
75,7/8/2019,Absent
75,9/2/2019,Absent
75,12/9/2019,Present
75,12/1/2019,Absent
75,9/21/2019,Present
76,10/18/2019,Present
76,10/17/2019,Absent
76,9/1/2019,Present
76,1/9/2019,Present
76,12/27/2019,Absent
76,2/26/2019,Absent
76,7/19/2019,Present
76,6/14/2019,Present
76,9/11/2019,Present
76,2/4/2019,Absent
76,3/6/2019,Present
76,3/10/2019,Present
76,1/20/2019,Present
76,1/23/2019,Absent
76,2/11/2019,Absent
76,5/13/2019,Present
77,4/8/2019,Present
77,8/17/2019,Absent
77,2/9/2019,Absent
77,9/14/2019,Present
77,7/21/2019,Present
77,5/18/2019,Present
77,4/25/2019,Present
77,5/19/2019,Present
77,11/17/2019,Present
77,6/18/2019,Present
77,9/14/2019,Absent
78,1/27/2019,Absent
78,11/6/2019,Absent
78,5/20/2019,Absent
78,6/27/2019,Absent
78,1/6/2019,Present
78,5/3/2019,Present
78,3/24/2019,Absent
78,7/7/2019,Absent
78,11/11/2019,Absent
78,5/8/2019,Absent
78,6/7/2019,Absent
79,12/5/2019,Present
79,10/16/2019,Present
79,11/6/2019,Absent
79,7/18/2019,Present
79,9/1/2019,Absent
79,11/4/2019,Absent
79,10/12/2019,Present
79,2/15/2019,Present
79,8/1/2019,Present
79,5/22/2019,Absent
80,2/27/2019,Absent
80,12/8/2019,Absent
80,6/2/2019,Present
80,1/7/2019,Absent
80,2/28/2019,Absent
80,3/18/2019,Present
80,2/19/2019,Present
80,3/9/2019,Present
80,9/24/2019,Present
80,11/1/2019,Absent
80,11/18/2019,Present
80,7/21/2019,Present
80,6/14/2019,Absent
80,5/4/2019,Absent
80,8/12/2019,Present
80,12/8/2019,Absent
81,8/11/2019,Present
81,6/3/2019,Present
81,12/8/2019,Absent
81,2/8/2019,Absent
81,5/3/2019,Present
81,1/16/2019,Present
81,10/26/2019,Absent
81,5/8/2019,Present
81,6/27/2019,Absent
81,9/26/2019,Present
81,10/20/2019,Present
81,11/15/2019,Present
81,1/2/2019,Present
81,3/2/2019,Absent
81,1/10/2019,Absent
81,2/4/2019,Present
81,5/28/2019,Present
81,10/25/2019,Present
81,8/13/2019,Absent
81,10/20/2019,Present
81,8/17/2019,Present
81,2/4/2019,Present
81,10/26/2019,Present
81,11/17/2019,Absent
81,8/24/2019,Present
81,4/5/2019,Present
81,3/10/2019,Absent
82,10/18/2019,Present
82,8/10/2019,Absent
82,6/1/2019,Present
82,1/8/2019,Present
82,7/12/2019,Present
82,11/7/2019,Absent
82,4/22/2019,Absent
82,10/23/2019,Absent
82,10/10/2019,Present
82,2/15/2019,Present
82,8/8/2019,Present
82,12/8/2019,Present
82,4/16/2019,Absent
82,12/13/2019,Present
82,1/12/2019,Absent
82,1/18/2019,Absent
82,8/7/2019,Absent
82,1/1/2019,Absent
82,3/8/2019,Present
83,9/8/2019,Present
83,3/27/2019,Present
83,1/27/2019,Absent
83,11/26/2019,Absent
83,4/10/2019,Absent
83,6/22/2019,Absent
83,12/3/2019,Present
83,4/7/2019,Absent
83,6/20/2019,Present
83,1/25/2019,Present
83,9/10/2019,Absent
83,4/2/2019,Absent
83,3/28/2019,Absent
83,4/24/2019,Absent
83,11/20/2019,Absent
83,11/25/2019,Absent
83,9/15/2019,Absent
83,9/23/2019,Absent
83,8/9/2019,Present
83,4/8/2019,Absent
84,7/7/2019,Absent
84,10/6/2019,Absent
84,5/18/2019,Present
84,5/15/2019,Present
84,10/2/2019,Absent
84,7/15/2019,Absent
84,6/26/2019,Absent
84,7/1/2019,Present
84,5/21/2019,Present
84,5/27/2019,Present
84,5/8/2019,Present
84,6/2/2019,Absent
84,4/22/2019,Absent
84,12/27/2019,Absent
84,4/23/2019,Present
84,12/24/2019,Absent
84,1/25/2019,Absent
85,7/27/2019,Present
85,8/21/2019,Present
85,7/8/2019,Present
85,8/8/2019,Absent
85,12/27/2019,Present
85,6/28/2019,Absent
85,4/15/2019,Present
85,6/5/2019,Present
85,5/24/2019,Absent
85,6/8/2019,Absent
85,12/18/2019,Present
85,10/26/2019,Present
85,3/11/2019,Absent
85,7/7/2019,Present
85,9/13/2019,Present
85,6/19/2019,Absent
85,2/6/2019,Present
85,1/27/2019,Absent
85,1/6/2019,Absent
85,5/7/2019,Present
85,8/2/2019,Present
85,3/11/2019,Absent
86,3/4/2019,Absent
86,8/24/2019,Present
86,3/28/2019,Absent
86,12/22/2019,Absent
86,10/7/2019,Absent
86,5/7/2019,Present
86,8/3/2019,Present
86,9/11/2019,Absent
86,8/15/2019,Present
86,5/21/2019,Absent
86,6/23/2019,Absent
86,7/20/2019,Present
86,7/8/2019,Absent
86,8/13/2019,Present
86,12/19/2019,Present
86,4/28/2019,Absent
86,11/3/2019,Present
86,8/14/2019,Present
86,6/3/2019,Absent
86,7/15/2019,Present
86,9/2/2019,Present
86,11/23/2019,Absent
87,6/24/2019,Present
87,7/2/2019,Present
87,12/5/2019,Absent
87,8/15/2019,Present
87,12/15/2019,Absent
87,3/6/2019,Present
87,3/10/2019,Absent
87,3/3/2019,Present
87,11/9/2019,Absent
87,3/7/2019,Present
87,8/23/2019,Present
87,7/23/2019,Present
87,10/1/2019,Absent
87,4/8/2019,Present
87,4/3/2019,Present
87,1/11/2019,Present
87,4/4/2019,Present
87,12/6/2019,Present
87,6/11/2019,Present
87,10/7/2019,Absent
87,7/4/2019,Present
87,6/11/2019,Absent
88,6/1/2019,Absent
88,4/3/2019,Absent
88,11/20/2019,Present
88,4/14/2019,Absent
88,2/23/2019,Present
88,5/4/2019,Absent
88,11/25/2019,Absent
88,3/21/2019,Absent
88,11/16/2019,Present
88,10/19/2019,Present
88,9/19/2019,Present
88,4/1/2019,Present
88,5/8/2019,Present
88,10/3/2019,Absent
88,8/10/2019,Absent
88,4/21/2019,Absent
88,12/11/2019,Absent
88,11/26/2019,Absent
88,11/27/2019,Present
88,4/28/2019,Absent
88,4/7/2019,Present
88,11/23/2019,Absent
88,9/11/2019,Present
88,2/28/2019,Present
88,1/21/2019,Present
88,3/3/2019,Present
88,4/17/2019,Absent
88,5/6/2019,Present
88,7/6/2019,Absent
88,5/19/2019,Present
89,8/3/2019,Absent
89,7/13/2019,Absent
89,7/17/2019,Absent
89,3/27/2019,Absent
89,1/25/2019,Present
89,5/20/2019,Present
89,5/13/2019,Absent
89,5/13/2019,Absent
89,2/11/2019,Absent
89,4/5/2019,Present
89,1/28/2019,Absent
89,8/13/2019,Absent
89,12/12/2019,Absent
89,11/19/2019,Present
89,2/13/2019,Present
89,4/25/2019,Absent
89,12/12/2019,Absent
89,11/23/2019,Present
90,7/14/2019,Present
90,8/2/2019,Absent
90,11/23/2019,Present
90,5/20/2019,Present
90,5/8/2019,Present
90,1/4/2019,Absent
90,7/23/2019,Present
90,9/7/2019,Present
90,7/9/2019,Absent
90,10/10/2019,Present
90,2/21/2019,Absent
90,3/9/2019,Absent
90,12/10/2019,Present
90,8/1/2019,Absent
90,9/14/2019,Absent
90,3/6/2019,Present
90,4/16/2019,Present
90,8/19/2019,Present
90,4/2/2019,Present
90,5/28/2019,Present
90,11/6/2019,Present
90,7/4/2019,Absent
90,1/19/2019,Absent
90,11/25/2019,Present
90,5/25/2019,Present
90,2/7/2019,Present
90,7/20/2019,Absent
90,8/16/2019,Absent
90,6/12/2019,Absent
90,6/27/2019,Absent
91,7/20/2019,Absent
91,6/26/2019,Absent
91,12/13/2019,Present
91,1/20/2019,Absent
91,12/25/2019,Absent
91,8/20/2019,Absent
91,9/14/2019,Present
91,11/27/2019,Absent
91,1/26/2019,Absent
91,4/20/2019,Present
91,6/14/2019,Absent
91,11/28/2019,Present
91,12/13/2019,Present
91,12/5/2019,Present
91,3/16/2019,Absent
91,11/18/2019,Absent
91,3/15/2019,Absent
91,11/18/2019,Present
91,3/25/2019,Present
91,2/14/2019,Present
91,3/11/2019,Absent
91,4/24/2019,Absent
92,11/5/2019,Absent
92,2/26/2019,Present
92,10/25/2019,Present
92,11/11/2019,Absent
92,11/21/2019,Absent
92,4/8/2019,Absent
92,2/4/2019,Present
92,12/4/2019,Present
92,6/13/2019,Present
92,5/2/2019,Present
92,7/14/2019,Absent
92,11/26/2019,Present
92,2/13/2019,Absent
93,3/27/2019,Present
93,8/22/2019,Absent
93,3/24/2019,Present
93,10/11/2019,Present
93,5/28/2019,Absent
93,11/27/2019,Absent
93,12/13/2019,Absent
93,3/27/2019,Present
93,12/24/2019,Present
93,8/24/2019,Present
93,1/18/2019,Absent
93,11/16/2019,Absent
93,7/3/2019,Absent
93,5/23/2019,Absent
93,2/5/2019,Present
93,12/10/2019,Present
93,10/5/2019,Absent
93,5/5/2019,Present
93,12/21/2019,Present
93,11/26/2019,Present
94,7/22/2019,Present
94,2/12/2019,Present
94,1/4/2019,Absent
94,10/14/2019,Absent
94,4/2/2019,Absent
94,8/10/2019,Present
94,11/24/2019,Present
94,8/28/2019,Absent
94,5/21/2019,Absent
94,1/4/2019,Present
94,8/21/2019,Present
94,1/19/2019,Absent
94,5/23/2019,Present
94,7/16/2019,Absent
94,5/19/2019,Absent
94,2/23/2019,Present
94,7/27/2019,Absent
94,9/27/2019,Absent
94,2/17/2019,Present
94,4/22/2019,Present
94,10/23/2019,Absent
94,6/4/2019,Present
95,3/3/2019,Present
95,2/4/2019,Absent
95,9/6/2019,Present
95,4/10/2019,Absent
95,11/18/2019,Absent
95,12/11/2019,Absent
95,10/18/2019,Present
95,11/27/2019,Present
95,4/5/2019,Present
95,3/20/2019,Absent
95,5/5/2019,Absent
95,2/18/2019,Absent
95,11/6/2019,Present
95,5/22/2019,Present
95,9/7/2019,Absent
95,11/23/2019,Absent
95,10/22/2019,Present
95,7/27/2019,Absent
95,7/1/2019,Present
95,2/9/2019,Present
95,11/18/2019,Absent
95,11/3/2019,Absent
95,5/5/2019,Present
95,5/1/2019,Present
95,7/4/2019,Present
95,3/17/2019,Absent
95,10/27/2019,Present
95,9/12/2019,Absent
95,9/9/2019,Present
95,3/11/2019,Absent
96,6/26/2019,Absent
96,8/19/2019,Present
96,11/17/2019,Present
96,3/13/2019,Absent
96,1/24/2019,Absent
96,12/25/2019,Absent
96,12/15/2019,Absent
96,8/17/2019,Absent
96,9/23/2019,Present
96,5/21/2019,Absent
96,7/25/2019,Present
96,11/3/2019,Present
96,2/6/2019,Present
96,12/10/2019,Absent
96,1/14/2019,Present
97,8/17/2019,Present
97,7/1/2019,Present
97,12/14/2019,Absent
97,4/24/2019,Present
97,10/15/2019,Present
97,3/3/2019,Present
97,9/12/2019,Absent
97,8/13/2019,Present
97,6/22/2019,Present
97,5/10/2019,Absent
97,4/1/2019,Absent
97,4/10/2019,Present
97,8/20/2019,Present
97,6/1/2019,Absent
97,5/12/2019,Absent
97,12/6/2019,Present
97,2/14/2019,Present
97,9/17/2019,Absent
97,2/16/2019,Absent
97,4/16/2019,Absent
97,6/14/2019,Absent
97,2/15/2019,Absent
97,3/5/2019,Absent
97,1/12/2019,Present
97,2/7/2019,Present
98,7/24/2019,Present
98,3/22/2019,Absent
98,11/9/2019,Absent
98,9/16/2019,Present
98,6/25/2019,Absent
98,9/24/2019,Absent
98,3/4/2019,Present
98,3/5/2019,Present
98,11/8/2019,Absent
98,7/20/2019,Absent
98,8/10/2019,Present
98,7/8/2019,Present
98,4/9/2019,Absent
98,12/8/2019,Absent
98,4/16/2019,Present
98,12/24/2019,Present
98,4/28/2019,Present
98,4/4/2019,Present
98,5/7/2019,Absent
98,1/20/2019,Present
98,7/14/2019,Present
98,4/11/2019,Present
99,7/21/2019,Present
99,5/12/2019,Absent
99,12/14/2019,Present
99,3/2/2019,Absent
99,4/10/2019,Present
99,7/6/2019,Absent
99,6/11/2019,Present
99,11/1/2019,Present
99,6/12/2019,Absent
99,12/25/2019,Absent
99,4/21/2019,Absent
99,2/4/2019,Present
99,1/19/2019,Present
99,4/23/2019,Present
99,2/18/2019,Absent
99,12/16/2019,Present
99,9/24/2019,Present
99,4/14/2019,Absent
99,9/12/2019,Absent
99,11/23/2019,Absent
99,2/16/2019,Present
99,3/20/2019,Present
99,5/2/2019,Present
99,12/7/2019,Absent
99,8/22/2019,Present
99,3/15/2019,Absent
100,7/13/2019,Present
100,3/1/2019,Present
100,10/23/2019,Absent
100,9/23/2019,Absent
100,5/28/2019,Absent
100,9/4/2019,Present
100,9/8/2019,Present
100,5/5/2019,Present
100,11/8/2019,Present
100,9/4/2019,Absent
100,11/20/2019,Absent
100,2/23/2019,Absent
100,12/5/2019,Absent
100,6/2/2019,Present
100,6/8/2019,Absent
100,3/9/2019,Present
100,12/24/2019,Absent
100,11/21/2019,Present
100,8/8/2019,Present
100,10/21/2019,Absent
100,3/15/2019,Absent
100,6/5/2019,Present
100,8/6/2019,Present
100,4/19/2019,Present
100,11/10/2019,Present
100,3/27/2019,Present
100,2/5/2019,Present
101,11/13/2019,Present
101,12/25/2019,Present
101,7/13/2019,Present
101,11/2/2019,Present
101,5/5/2019,Present
101,1/26/2019,Absent
101,12/3/2019,Absent
101,10/15/2019,Absent
101,6/16/2019,Present
101,9/23/2019,Present
101,1/27/2019,Absent
101,2/17/2019,Absent
101,3/1/2019,Present
101,4/14/2019,Absent
101,11/10/2019,Absent
101,11/23/2019,Present
101,8/6/2019,Present
101,2/10/2019,Absent
101,2/12/2019,Present
101,1/20/2019,Absent
101,9/11/2019,Absent
101,3/22/2019,Absent
101,6/4/2019,Absent
101,11/12/2019,Present
102,3/25/2019,Absent
102,3/13/2019,Absent
102,2/4/2019,Absent
102,3/3/2019,Present
102,3/25/2019,Absent
102,8/14/2019,Absent
102,10/26/2019,Present
102,11/8/2019,Absent
102,9/18/2019,Present
102,7/3/2019,Absent
103,10/25/2019,Present
103,12/3/2019,Present
103,4/28/2019,Absent
103,3/4/2019,Absent
103,6/28/2019,Present
103,5/15/2019,Absent
103,4/7/2019,Present
103,12/5/2019,Present
103,7/24/2019,Absent
103,6/2/2019,Present
103,8/27/2019,Present
103,1/5/2019,Present
103,4/3/2019,Absent
103,3/25/2019,Present
103,12/17/2019,Absent
103,8/14/2019,Absent
103,11/23/2019,Present
103,3/2/2019,Present
103,10/25/2019,Present
103,1/13/2019,Absent
103,9/23/2019,Absent
103,12/8/2019,Present
103,5/3/2019,Present
103,12/7/2019,Present
103,4/13/2019,Present
103,12/15/2019,Absent
104,3/2/2019,Absent
104,4/9/2019,Present
104,6/20/2019,Absent
104,1/8/2019,Present
104,2/7/2019,Absent
104,4/18/2019,Present
104,4/9/2019,Present
104,10/26/2019,Present
104,6/3/2019,Present
104,6/25/2019,Absent
104,9/7/2019,Absent
104,12/12/2019,Present
104,6/14/2019,Present
104,9/26/2019,Present
104,10/26/2019,Present
104,5/6/2019,Absent
104,2/21/2019,Present
104,4/26/2019,Present
104,12/6/2019,Absent
104,8/26/2019,Absent
104,6/20/2019,Absent
104,1/23/2019,Absent
105,4/20/2019,Present
105,10/21/2019,Present
105,1/5/2019,Absent
105,9/28/2019,Present
105,8/4/2019,Present
105,5/6/2019,Absent
105,6/3/2019,Absent
105,5/16/2019,Absent
105,11/5/2019,Absent
105,1/12/2019,Absent
105,7/28/2019,Present
105,8/12/2019,Absent
105,6/3/2019,Absent
105,5/22/2019,Present
105,12/26/2019,Present
105,3/28/2019,Absent
105,3/19/2019,Present
106,7/28/2019,Present
106,6/15/2019,Absent
106,2/3/2019,Present
106,7/25/2019,Absent
106,6/3/2019,Absent
106,4/23/2019,Present
106,5/15/2019,Present
106,8/5/2019,Absent
106,10/2/2019,Absent
106,1/26/2019,Absent
106,8/7/2019,Present
106,11/14/2019,Present
106,2/5/2019,Absent
106,2/10/2019,Absent
106,7/17/2019,Absent
106,3/27/2019,Absent
106,6/25/2019,Present
107,7/16/2019,Present
107,12/14/2019,Absent
107,1/18/2019,Present
107,2/24/2019,Present
107,6/22/2019,Absent
107,1/5/2019,Present
107,8/28/2019,Absent
107,5/17/2019,Absent
107,3/21/2019,Present
107,1/7/2019,Present
107,7/23/2019,Present
107,10/13/2019,Present
107,4/22/2019,Present
107,6/27/2019,Absent
107,5/17/2019,Present
107,12/16/2019,Absent
107,7/14/2019,Absent
107,9/25/2019,Present
107,8/14/2019,Present
107,9/14/2019,Absent
107,11/10/2019,Present
108,2/3/2019,Absent
108,2/16/2019,Present
108,11/15/2019,Present
108,11/10/2019,Present
108,4/25/2019,Absent
108,2/7/2019,Present
108,6/26/2019,Absent
108,11/23/2019,Absent
108,1/12/2019,Absent
108,5/22/2019,Absent
108,11/8/2019,Absent
108,1/1/2019,Absent
109,12/20/2019,Present
109,10/14/2019,Absent
109,4/20/2019,Present
109,10/14/2019,Absent
109,12/6/2019,Absent
109,9/6/2019,Present
109,12/26/2019,Present
109,11/19/2019,Absent
109,9/6/2019,Present
109,2/3/2019,Present
109,11/25/2019,Present
109,10/23/2019,Present
109,10/13/2019,Present
109,8/21/2019,Absent
109,3/8/2019,Present
109,5/7/2019,Present
109,12/25/2019,Absent
109,5/22/2019,Present
109,3/21/2019,Present
109,2/15/2019,Present
109,2/5/2019,Present
109,2/3/2019,Absent
109,4/13/2019,Present
109,7/3/2019,Present
109,4/22/2019,Absent
109,11/15/2019,Present
110,1/6/2019,Present
110,2/11/2019,Absent
110,10/20/2019,Present
110,9/24/2019,Present
110,4/20/2019,Present
110,9/17/2019,Present
110,6/4/2019,Present
110,6/5/2019,Present
110,5/9/2019,Present
110,6/23/2019,Absent
110,8/24/2019,Absent
110,9/13/2019,Absent
110,3/7/2019,Absent
110,7/4/2019,Absent
110,3/26/2019,Absent
110,7/15/2019,Absent
110,6/20/2019,Absent
110,7/7/2019,Absent
110,11/27/2019,Present
111,9/9/2019,Absent
111,10/27/2019,Absent
111,7/1/2019,Absent
111,7/26/2019,Present
111,2/7/2019,Absent
111,3/25/2019,Present
111,6/23/2019,Absent
111,4/15/2019,Absent
111,4/18/2019,Absent
111,10/7/2019,Present
111,9/9/2019,Present
112,11/14/2019,Absent
112,6/27/2019,Present
112,1/26/2019,Present
112,5/14/2019,Absent
112,3/20/2019,Absent
112,4/19/2019,Present
112,11/26/2019,Present
112,8/10/2019,Absent
112,1/18/2019,Present
112,6/21/2019,Absent
112,2/27/2019,Absent
112,5/11/2019,Absent
112,2/18/2019,Absent
112,10/2/2019,Absent
112,8/28/2019,Present
112,6/20/2019,Present
112,1/27/2019,Present
112,6/28/2019,Absent
112,4/6/2019,Absent
112,9/1/2019,Present
112,5/26/2019,Present
112,5/3/2019,Absent
112,5/23/2019,Present
112,10/15/2019,Absent
112,3/25/2019,Absent
112,11/15/2019,Present
112,10/16/2019,Absent
112,6/25/2019,Present
113,5/25/2019,Present
113,6/18/2019,Present
113,11/21/2019,Present
113,12/3/2019,Absent
113,1/7/2019,Present
113,8/27/2019,Absent
113,2/11/2019,Absent
113,5/23/2019,Present
113,9/4/2019,Present
113,6/13/2019,Present
113,7/7/2019,Absent
113,3/22/2019,Present
114,8/4/2019,Present
114,1/15/2019,Present
114,8/22/2019,Absent
114,5/4/2019,Present
114,6/14/2019,Absent
114,9/14/2019,Present
114,8/9/2019,Present
114,11/13/2019,Absent
114,4/10/2019,Present
114,10/9/2019,Absent
114,9/14/2019,Present
114,11/8/2019,Present
114,2/2/2019,Absent
114,4/3/2019,Absent
115,10/23/2019,Absent
115,7/4/2019,Absent
115,8/7/2019,Present
115,6/21/2019,Absent
115,12/1/2019,Absent
115,12/10/2019,Present
115,3/11/2019,Present
115,3/11/2019,Present
115,1/22/2019,Absent
115,1/6/2019,Present
115,3/22/2019,Present
115,10/12/2019,Present
115,8/28/2019,Present
115,1/27/2019,Absent
115,4/17/2019,Present
115,2/4/2019,Absent
115,8/16/2019,Absent
116,5/12/2019,Absent
116,5/23/2019,Absent
116,2/9/2019,Present
116,3/14/2019,Present
116,6/16/2019,Absent
116,6/7/2019,Present
116,7/21/2019,Absent
116,11/22/2019,Absent
116,9/6/2019,Absent
116,6/13/2019,Absent
116,5/7/2019,Absent
116,10/4/2019,Absent
116,10/26/2019,Absent
116,2/1/2019,Present
116,8/22/2019,Absent
116,10/18/2019,Absent
116,8/10/2019,Absent
116,1/15/2019,Absent
116,10/4/2019,Absent
116,1/14/2019,Present
116,1/9/2019,Absent
116,9/22/2019,Present
116,2/23/2019,Present
116,7/19/2019,Absent
116,4/2/2019,Absent
117,11/21/2019,Absent
117,2/9/2019,Absent
117,3/19/2019,Absent
117,10/5/2019,Present
117,5/5/2019,Present
117,5/10/2019,Absent
117,9/6/2019,Absent
117,2/5/2019,Absent
117,9/22/2019,Absent
117,6/14/2019,Absent
117,8/1/2019,Present
117,7/3/2019,Absent
117,4/19/2019,Present
117,10/18/2019,Absent
117,1/25/2019,Present
117,7/22/2019,Absent
117,1/3/2019,Present
118,10/4/2019,Absent
118,12/11/2019,Present
118,12/19/2019,Present
118,12/7/2019,Absent
118,3/8/2019,Present
118,5/21/2019,Present
118,8/20/2019,Present
118,2/1/2019,Present
118,9/4/2019,Present
118,8/1/2019,Absent
118,7/2/2019,Absent
118,7/16/2019,Present
118,9/9/2019,Absent
118,11/20/2019,Present
118,11/1/2019,Present
118,3/17/2019,Present
118,8/16/2019,Present
118,10/16/2019,Absent
118,7/13/2019,Present
118,8/14/2019,Present
119,5/15/2019,Absent
119,1/19/2019,Absent
119,1/12/2019,Absent
119,12/15/2019,Present
119,6/17/2019,Present
119,6/23/2019,Present
119,3/21/2019,Absent
119,8/23/2019,Present
119,5/26/2019,Absent
119,7/3/2019,Absent
120,8/20/2019,Absent
120,3/23/2019,Absent
120,10/20/2019,Present
120,1/1/2019,Present
120,4/4/2019,Absent
120,11/16/2019,Present
120,12/26/2019,Present
120,12/13/2019,Absent
120,2/2/2019,Present
120,1/28/2019,Absent
120,6/20/2019,Present
120,3/11/2019,Absent
120,7/5/2019,Present
120,4/9/2019,Absent
120,4/7/2019,Absent
120,9/26/2019,Present
120,10/1/2019,Present
120,4/2/2019,Present
120,6/25/2019,Present
120,6/6/2019,Absent
120,4/27/2019,Absent
120,9/12/2019,Present
121,8/14/2019,Present
121,10/3/2019,Absent
121,2/4/2019,Present
121,10/18/2019,Present
121,5/27/2019,Absent
121,2/28/2019,Absent
121,2/18/2019,Absent
121,7/20/2019,Present
121,10/16/2019,Absent
121,11/1/2019,Absent
121,5/7/2019,Present
121,3/7/2019,Absent
122,4/16/2019,Present
122,6/3/2019,Present
122,9/16/2019,Absent
122,12/2/2019,Absent
122,9/8/2019,Absent
122,8/10/2019,Present
122,1/2/2019,Present
122,9/20/2019,Present
122,9/16/2019,Absent
122,12/5/2019,Absent
122,9/5/2019,Present
123,6/12/2019,Absent
123,1/8/2019,Present
123,4/14/2019,Present
123,1/28/2019,Present
123,2/2/2019,Present
123,5/2/2019,Present
123,5/5/2019,Absent
123,11/4/2019,Present
123,5/18/2019,Absent
123,4/15/2019,Absent
123,9/10/2019,Present
123,9/9/2019,Present
123,1/12/2019,Absent
123,5/3/2019,Present
123,9/8/2019,Present
123,2/12/2019,Present
123,1/8/2019,Absent
123,2/1/2019,Present
123,5/9/2019,Absent
123,2/2/2019,Absent
123,8/1/2019,Absent
123,8/2/2019,Absent
123,3/22/2019,Present
123,11/10/2019,Absent
123,1/20/2019,Absent
123,5/26/2019,Present
123,1/11/2019,Absent
123,7/26/2019,Present
123,2/18/2019,Absent
124,8/14/2019,Absent
124,3/13/2019,Present
124,3/1/2019,Absent
124,2/8/2019,Absent
124,6/19/2019,Absent
124,6/9/2019,Present
124,2/10/2019,Absent
124,5/28/2019,Absent
124,1/15/2019,Present
124,6/16/2019,Present
124,7/2/2019,Present
124,5/20/2019,Present
124,8/6/2019,Absent
124,5/28/2019,Present
124,11/6/2019,Present
124,4/4/2019,Present
124,11/17/2019,Absent
124,1/18/2019,Present
124,12/9/2019,Present
124,11/28/2019,Absent
124,9/23/2019,Present
124,6/4/2019,Absent
124,2/17/2019,Present
124,6/19/2019,Absent
124,2/21/2019,Absent
124,3/1/2019,Absent
124,6/14/2019,Absent
125,5/20/2019,Absent
125,1/10/2019,Present
125,2/20/2019,Absent
125,9/23/2019,Absent
125,4/13/2019,Present
125,11/24/2019,Present
125,2/8/2019,Absent
125,9/24/2019,Present
125,10/16/2019,Absent
125,6/9/2019,Absent
125,4/11/2019,Absent
125,4/15/2019,Present
125,12/8/2019,Absent
125,6/3/2019,Present
125,6/21/2019,Present
125,8/26/2019,Present
125,9/8/2019,Absent
125,11/19/2019,Absent
125,5/11/2019,Present
125,7/14/2019,Present
125,10/16/2019,Present
125,3/15/2019,Present
125,7/9/2019,Absent
125,12/4/2019,Present
125,7/1/2019,Present
126,9/28/2019,Absent
126,7/12/2019,Present
126,12/10/2019,Absent
126,10/20/2019,Present
126,2/24/2019,Absent
126,7/21/2019,Absent
126,5/25/2019,Present
126,12/6/2019,Present
126,3/1/2019,Absent
126,11/21/2019,Absent
126,8/6/2019,Absent
126,2/8/2019,Absent
126,1/19/2019,Absent
126,5/11/2019,Present
127,1/27/2019,Present
127,7/17/2019,Absent
127,2/12/2019,Present
127,5/9/2019,Present
127,3/10/2019,Absent
127,10/25/2019,Present
127,11/9/2019,Present
127,9/27/2019,Present
127,1/20/2019,Present
127,1/16/2019,Present
127,6/7/2019,Absent
127,12/15/2019,Absent
127,5/4/2019,Present
127,8/14/2019,Present
128,5/24/2019,Absent
128,2/24/2019,Present
128,6/6/2019,Absent
128,8/21/2019,Present
128,12/23/2019,Present
128,7/4/2019,Absent
128,4/27/2019,Present
128,11/21/2019,Present
128,10/13/2019,Present
128,11/7/2019,Present
128,8/27/2019,Absent
128,5/5/2019,Present
128,9/28/2019,Present
128,1/14/2019,Present
129,1/14/2019,Absent
129,11/19/2019,Absent
129,8/17/2019,Present
129,5/27/2019,Absent
129,11/16/2019,Absent
129,10/12/2019,Absent
129,2/8/2019,Absent
129,7/15/2019,Absent
129,2/6/2019,Absent
129,11/4/2019,Absent
129,12/5/2019,Absent
129,8/20/2019,Present
129,1/10/2019,Present
129,7/2/2019,Absent
129,5/22/2019,Absent
130,7/13/2019,Present
130,5/16/2019,Absent
130,11/27/2019,Absent
130,7/8/2019,Present
130,9/7/2019,Present
130,10/20/2019,Present
130,12/1/2019,Present
130,12/11/2019,Present
130,11/2/2019,Absent
130,9/7/2019,Absent
130,12/8/2019,Present
130,6/11/2019,Present
130,1/2/2019,Present
130,9/13/2019,Present
130,3/10/2019,Present
130,11/25/2019,Present
130,5/24/2019,Absent
130,11/13/2019,Absent
130,2/3/2019,Absent
130,1/1/2019,Present
130,2/24/2019,Absent
130,4/27/2019,Absent
130,6/14/2019,Present
130,5/9/2019,Present
131,11/19/2019,Absent
131,7/3/2019,Absent
131,9/9/2019,Present
131,7/1/2019,Absent
131,6/25/2019,Present
131,8/8/2019,Present
131,7/25/2019,Absent
131,8/19/2019,Absent
131,6/5/2019,Present
131,2/18/2019,Absent
131,10/8/2019,Absent
131,10/27/2019,Present
131,1/25/2019,Absent
131,5/24/2019,Present
131,1/11/2019,Absent
131,1/9/2019,Absent
131,9/16/2019,Present
131,6/15/2019,Present
132,7/23/2019,Present
132,1/6/2019,Present
132,3/7/2019,Present
132,1/14/2019,Absent
132,3/24/2019,Absent
132,7/1/2019,Absent
132,5/24/2019,Absent
132,9/11/2019,Absent
132,10/21/2019,Absent
132,9/22/2019,Absent
132,9/20/2019,Absent
132,4/11/2019,Present
132,3/17/2019,Absent
133,6/14/2019,Absent
133,2/1/2019,Present
133,4/23/2019,Absent
133,6/4/2019,Absent
133,10/6/2019,Present
133,6/21/2019,Present
133,5/10/2019,Absent
133,10/24/2019,Absent
133,5/18/2019,Present
133,2/19/2019,Present
134,3/9/2019,Present
134,9/19/2019,Absent
134,6/19/2019,Absent
134,12/28/2019,Absent
134,4/6/2019,Present
134,4/3/2019,Present
134,3/6/2019,Present
134,6/3/2019,Present
134,3/17/2019,Absent
134,11/16/2019,Present
134,4/18/2019,Absent
134,12/16/2019,Absent
134,9/3/2019,Present
134,3/21/2019,Present
134,7/18/2019,Absent
134,11/4/2019,Absent
134,11/12/2019,Absent
134,8/25/2019,Absent
135,10/18/2019,Present
135,7/12/2019,Present
135,4/15/2019,Present
135,1/19/2019,Present
135,6/9/2019,Present
135,10/9/2019,Absent
135,11/16/2019,Absent
135,5/21/2019,Present
135,12/16/2019,Absent
135,8/6/2019,Present
135,1/12/2019,Present
135,12/24/2019,Present
135,2/14/2019,Present
135,1/15/2019,Present
135,6/4/2019,Absent
135,4/21/2019,Present
136,11/28/2019,Present
136,10/24/2019,Present
136,11/13/2019,Present
136,2/7/2019,Present
136,12/9/2019,Absent
136,1/9/2019,Absent
136,3/21/2019,Present
136,5/9/2019,Present
136,6/15/2019,Present
136,10/15/2019,Present
136,3/24/2019,Absent
136,10/21/2019,Present
136,1/7/2019,Absent
136,2/24/2019,Absent
136,11/21/2019,Present
136,12/25/2019,Absent
136,1/13/2019,Present
136,5/5/2019,Absent
136,4/27/2019,Present
136,3/10/2019,Absent
137,2/16/2019,Absent
137,6/25/2019,Absent
137,11/22/2019,Present
137,10/13/2019,Present
137,12/14/2019,Absent
137,4/11/2019,Absent
137,2/17/2019,Absent
137,4/15/2019,Present
137,9/22/2019,Absent
137,3/15/2019,Absent
137,10/13/2019,Present
137,6/23/2019,Absent
137,1/6/2019,Absent
137,6/21/2019,Present
137,6/10/2019,Present
137,1/15/2019,Absent
137,10/19/2019,Absent
137,8/27/2019,Absent
138,6/16/2019,Absent
138,1/8/2019,Present
138,7/14/2019,Absent
138,10/1/2019,Present
138,5/20/2019,Present
138,10/25/2019,Absent
138,1/3/2019,Present
138,6/15/2019,Absent
138,1/22/2019,Present
138,5/10/2019,Present
138,4/14/2019,Present
138,3/22/2019,Absent
138,1/16/2019,Present
138,8/18/2019,Present
138,8/22/2019,Absent
138,12/8/2019,Present
138,7/5/2019,Present
138,7/25/2019,Absent
138,11/24/2019,Absent
138,9/3/2019,Present
138,4/20/2019,Present
138,6/12/2019,Present
138,10/20/2019,Present
138,11/8/2019,Present
138,1/7/2019,Present
138,6/13/2019,Absent
138,3/10/2019,Absent
138,1/9/2019,Absent
138,3/6/2019,Present
139,2/12/2019,Present
139,11/28/2019,Present
139,3/11/2019,Absent
139,11/15/2019,Absent
139,7/25/2019,Absent
139,5/24/2019,Absent
139,9/12/2019,Absent
139,9/12/2019,Present
139,7/18/2019,Present
139,3/1/2019,Absent
139,4/17/2019,Absent
139,7/2/2019,Present
139,2/28/2019,Absent
139,1/20/2019,Absent
139,7/11/2019,Present
139,9/9/2019,Absent
139,7/1/2019,Absent
139,11/2/2019,Absent
139,12/2/2019,Absent
139,4/6/2019,Present
139,3/24/2019,Absent
139,7/9/2019,Absent
139,12/20/2019,Absent
139,1/3/2019,Present
140,10/24/2019,Present
140,7/17/2019,Present
140,6/21/2019,Absent
140,7/1/2019,Absent
140,12/21/2019,Present
140,7/4/2019,Absent
140,5/20/2019,Present
140,12/26/2019,Absent
140,4/25/2019,Absent
140,12/23/2019,Absent
140,9/22/2019,Absent
140,3/22/2019,Present
140,7/7/2019,Absent
140,11/5/2019,Absent
141,11/11/2019,Present
141,1/23/2019,Present
141,10/10/2019,Absent
141,10/14/2019,Absent
141,9/13/2019,Present
141,6/11/2019,Absent
141,3/15/2019,Absent
141,4/18/2019,Absent
141,5/13/2019,Present
141,11/16/2019,Absent
141,2/7/2019,Absent
141,5/10/2019,Absent
141,11/15/2019,Present
141,10/12/2019,Absent
141,1/25/2019,Absent
141,4/13/2019,Present
141,7/20/2019,Present
141,2/13/2019,Present
141,10/10/2019,Present
141,12/13/2019,Absent
141,4/14/2019,Absent
141,6/25/2019,Present
141,11/22/2019,Absent
141,9/18/2019,Present
141,7/16/2019,Absent
141,8/6/2019,Present
141,7/10/2019,Absent
141,8/21/2019,Present
141,7/19/2019,Absent
142,4/21/2019,Present
142,3/20/2019,Present
142,10/19/2019,Present
142,6/20/2019,Absent
142,11/3/2019,Present
142,12/20/2019,Absent
142,9/17/2019,Present
142,8/12/2019,Present
142,3/16/2019,Present
142,6/5/2019,Present
142,4/19/2019,Present
142,11/20/2019,Present
142,3/15/2019,Present
142,10/27/2019,Present
142,4/15/2019,Present
142,1/24/2019,Absent
142,9/16/2019,Present
142,7/9/2019,Present
142,12/25/2019,Present
142,8/16/2019,Present
142,5/26/2019,Present
142,6/13/2019,Absent
142,7/26/2019,Present
143,10/25/2019,Present
143,6/14/2019,Present
143,4/26/2019,Absent
143,2/11/2019,Present
143,8/23/2019,Present
143,5/11/2019,Absent
143,6/26/2019,Absent
143,10/9/2019,Present
143,3/17/2019,Present
143,6/19/2019,Absent
143,5/23/2019,Absent
143,8/23/2019,Absent
143,3/24/2019,Present
143,3/20/2019,Absent
143,5/21/2019,Present
143,10/10/2019,Present
143,5/12/2019,Absent
143,8/20/2019,Absent
144,3/19/2019,Absent
144,9/12/2019,Absent
144,11/6/2019,Absent
144,3/16/2019,Present
144,11/3/2019,Absent
144,4/8/2019,Present
144,11/7/2019,Absent
144,10/21/2019,Present
144,12/7/2019,Present
144,7/21/2019,Absent
144,9/3/2019,Present
144,1/15/2019,Present
144,4/9/2019,Present
144,12/21/2019,Present
144,12/23/2019,Present
144,10/9/2019,Present
144,12/7/2019,Present
144,3/17/2019,Present
144,4/8/2019,Absent
144,8/4/2019,Present
144,6/26/2019,Present
144,8/4/2019,Absent
144,4/4/2019,Present
144,10/16/2019,Present
144,10/14/2019,Present
144,12/15/2019,Present
144,10/26/2019,Absent
144,1/9/2019,Absent
144,8/21/2019,Absent
144,9/10/2019,Absent
145,9/8/2019,Absent
145,11/15/2019,Present
145,8/1/2019,Absent
145,8/6/2019,Absent
145,11/10/2019,Absent
145,6/21/2019,Present
145,4/25/2019,Present
145,4/10/2019,Absent
145,9/16/2019,Absent
145,10/7/2019,Present
145,6/6/2019,Absent
145,3/28/2019,Present
145,6/17/2019,Absent
145,12/9/2019,Absent
145,8/28/2019,Absent
145,3/10/2019,Absent
145,12/11/2019,Absent
145,10/13/2019,Present
146,1/14/2019,Present
146,8/25/2019,Present
146,4/22/2019,Absent
146,6/1/2019,Absent
146,6/18/2019,Present
146,4/20/2019,Absent
146,2/3/2019,Absent
146,12/16/2019,Absent
146,1/25/2019,Absent
146,4/9/2019,Absent
146,1/4/2019,Absent
146,5/18/2019,Absent
146,2/16/2019,Present
146,6/25/2019,Present
146,3/19/2019,Present
146,9/3/2019,Absent
146,10/18/2019,Absent
146,9/17/2019,Present
146,3/25/2019,Absent
146,6/25/2019,Present
146,3/11/2019,Absent
146,6/11/2019,Absent
147,10/24/2019,Present
147,2/21/2019,Absent
147,8/26/2019,Present
147,9/12/2019,Absent
147,1/17/2019,Absent
147,9/16/2019,Absent
147,11/3/2019,Present
147,9/25/2019,Present
147,9/28/2019,Absent
147,10/21/2019,Present
147,11/14/2019,Absent
147,8/24/2019,Absent
147,2/6/2019,Absent
147,8/17/2019,Absent
147,1/13/2019,Present
147,10/27/2019,Present
147,4/11/2019,Absent
147,4/19/2019,Absent
148,8/21/2019,Absent
148,12/28/2019,Present
148,3/7/2019,Present
148,1/18/2019,Present
148,3/18/2019,Present
148,6/28/2019,Present
148,11/7/2019,Present
148,7/9/2019,Present
148,6/1/2019,Absent
148,2/27/2019,Present
148,8/28/2019,Present
148,7/2/2019,Absent
148,4/7/2019,Present
148,2/6/2019,Present
148,3/25/2019,Absent
148,12/20/2019,Absent
148,7/7/2019,Present
148,9/12/2019,Present
148,8/1/2019,Absent
148,7/28/2019,Absent
148,5/27/2019,Absent
148,4/23/2019,Absent
148,8/1/2019,Absent
148,12/21/2019,Present
148,3/28/2019,Present
148,3/17/2019,Absent
148,1/2/2019,Present
149,6/20/2019,Present
149,7/6/2019,Present
149,12/26/2019,Present
149,6/4/2019,Present
149,8/7/2019,Absent
149,5/20/2019,Present
149,6/1/2019,Present
149,12/28/2019,Absent
149,1/18/2019,Present
149,3/4/2019,Present
149,2/14/2019,Present
149,8/15/2019,Absent
149,3/28/2019,Present
149,5/16/2019,Absent
149,3/11/2019,Absent
149,10/22/2019,Absent
149,8/24/2019,Present
149,3/8/2019,Present
149,4/22/2019,Present
150,5/20/2019,Present
150,5/6/2019,Absent
150,6/23/2019,Absent
150,3/11/2019,Present
150,10/24/2019,Present
150,12/26/2019,Present
150,4/6/2019,Present
150,4/6/2019,Present
150,10/16/2019,Absent
150,4/21/2019,Absent
150,8/7/2019,Absent
150,9/15/2019,Absent
150,11/25/2019,Absent
150,6/6/2019,Absent
150,9/15/2019,Absent
150,9/9/2019,Absent
150,7/21/2019,Present
150,2/8/2019,Present
150,2/18/2019,Present
150,6/10/2019,Present
150,9/6/2019,Present
150,3/27/2019,Present
151,12/24/2019,Present
151,10/28/2019,Present
151,9/12/2019,Present
151,6/6/2019,Present
151,11/21/2019,Present
151,12/5/2019,Absent
151,4/9/2019,Absent
151,5/13/2019,Absent
151,8/15/2019,Absent
151,1/3/2019,Absent
151,4/24/2019,Present
151,1/25/2019,Present
151,8/27/2019,Present
151,7/26/2019,Absent
151,7/19/2019,Absent
151,2/8/2019,Absent
152,7/4/2019,Present
152,4/15/2019,Absent
152,6/1/2019,Absent
152,9/4/2019,Absent
152,4/22/2019,Present
152,9/24/2019,Present
152,2/25/2019,Absent
152,5/2/2019,Absent
152,2/21/2019,Present
152,12/23/2019,Absent
152,5/8/2019,Present
152,12/20/2019,Absent
152,4/28/2019,Absent
152,12/14/2019,Present
153,12/24/2019,Absent
153,11/17/2019,Absent
153,6/3/2019,Absent
153,4/19/2019,Absent
153,11/9/2019,Absent
153,9/20/2019,Absent
153,10/17/2019,Absent
153,1/20/2019,Present
153,10/4/2019,Present
153,6/19/2019,Absent
153,7/23/2019,Absent
153,11/26/2019,Absent
153,10/28/2019,Absent
153,11/24/2019,Present
153,4/19/2019,Absent
153,2/10/2019,Present
153,12/15/2019,Absent
153,6/27/2019,Absent
154,5/15/2019,Absent
154,8/23/2019,Absent
154,3/7/2019,Absent
154,12/13/2019,Present
154,8/28/2019,Absent
154,10/18/2019,Present
154,6/27/2019,Present
154,11/13/2019,Absent
154,11/6/2019,Present
154,5/28/2019,Absent
154,6/26/2019,Absent
154,3/6/2019,Present
154,4/19/2019,Absent
154,9/18/2019,Present
154,4/3/2019,Absent
154,5/5/2019,Absent
154,7/5/2019,Present
155,10/19/2019,Absent
155,4/15/2019,Present
155,9/5/2019,Absent
155,1/16/2019,Present
155,4/8/2019,Present
155,3/1/2019,Present
155,10/16/2019,Absent
155,9/18/2019,Present
155,7/6/2019,Absent
155,11/19/2019,Absent
155,12/9/2019,Absent
155,5/14/2019,Present
155,6/18/2019,Present
155,6/28/2019,Present
155,9/19/2019,Absent
155,9/11/2019,Present
155,12/12/2019,Present
155,8/9/2019,Present
155,8/20/2019,Absent
156,3/1/2019,Present
156,6/16/2019,Present
156,2/22/2019,Absent
156,10/9/2019,Present
156,12/20/2019,Present
156,7/7/2019,Absent
156,9/23/2019,Absent
156,4/19/2019,Absent
156,3/25/2019,Absent
156,1/20/2019,Absent
156,10/4/2019,Present
156,10/3/2019,Present
157,4/20/2019,Present
157,3/1/2019,Absent
157,12/4/2019,Present
157,7/19/2019,Absent
157,7/13/2019,Present
157,6/6/2019,Absent
157,3/23/2019,Absent
157,8/3/2019,Absent
157,4/8/2019,Present
157,6/15/2019,Absent
157,1/20/2019,Present
157,11/12/2019,Present
157,9/1/2019,Absent
157,5/1/2019,Absent
157,2/6/2019,Absent
157,3/18/2019,Absent
158,11/5/2019,Present
158,8/23/2019,Present
158,9/5/2019,Absent
158,1/20/2019,Present
158,5/10/2019,Present
158,10/17/2019,Present
158,8/7/2019,Absent
158,8/22/2019,Absent
158,8/4/2019,Present
158,6/8/2019,Present
158,8/7/2019,Present
158,6/2/2019,Absent
158,11/23/2019,Present
159,2/22/2019,Absent
159,9/21/2019,Absent
159,3/15/2019,Absent
159,11/14/2019,Absent
159,2/16/2019,Present
159,6/18/2019,Absent
159,5/16/2019,Absent
159,11/23/2019,Present
159,4/3/2019,Present
159,11/11/2019,Present
159,1/10/2019,Absent
159,9/2/2019,Absent
159,12/17/2019,Present
159,9/12/2019,Present
159,4/4/2019,Present
159,4/23/2019,Present
159,8/7/2019,Present
159,1/13/2019,Present
159,5/1/2019,Absent
159,3/13/2019,Absent
159,7/2/2019,Present
159,10/22/2019,Absent
159,11/19/2019,Absent
159,4/21/2019,Absent
159,7/23/2019,Absent
159,7/9/2019,Present
160,5/20/2019,Absent
160,1/23/2019,Present
160,11/23/2019,Present
160,2/6/2019,Absent
160,2/6/2019,Present
160,12/9/2019,Absent
160,5/18/2019,Absent
160,2/25/2019,Present
160,2/18/2019,Present
160,3/17/2019,Absent
160,8/4/2019,Present
160,7/6/2019,Present
160,4/14/2019,Absent
160,12/5/2019,Present
160,11/17/2019,Present
160,4/24/2019,Present
160,3/11/2019,Absent
160,3/12/2019,Present
160,7/13/2019,Absent
160,9/3/2019,Present
160,6/22/2019,Present
160,8/3/2019,Absent
160,9/6/2019,Absent
160,1/4/2019,Absent
160,9/18/2019,Present
161,6/2/2019,Present
161,11/8/2019,Present
161,10/2/2019,Present
161,4/25/2019,Present
161,1/21/2019,Absent
161,10/21/2019,Absent
161,8/24/2019,Absent
161,10/9/2019,Absent
161,8/5/2019,Absent
161,4/5/2019,Present
161,7/9/2019,Absent
161,12/1/2019,Absent
161,3/2/2019,Present
161,7/5/2019,Absent
161,4/13/2019,Absent
161,8/24/2019,Absent
161,8/12/2019,Absent
161,3/24/2019,Present
161,4/23/2019,Present
161,12/22/2019,Absent
162,9/28/2019,Absent
162,6/21/2019,Absent
162,3/16/2019,Absent
162,5/27/2019,Absent
162,1/7/2019,Present
162,11/13/2019,Absent
162,3/15/2019,Present
162,7/19/2019,Absent
162,12/22/2019,Present
162,11/13/2019,Present
162,3/14/2019,Present
162,12/5/2019,Absent
162,6/20/2019,Present
162,11/4/2019,Present
162,1/1/2019,Present
162,6/28/2019,Absent
162,4/24/2019,Present
162,5/27/2019,Absent
162,10/27/2019,Absent
162,12/6/2019,Present
162,9/6/2019,Present
162,3/14/2019,Absent
162,3/18/2019,Absent
162,12/9/2019,Present
163,11/5/2019,Present
163,1/5/2019,Absent
163,7/16/2019,Present
163,10/23/2019,Absent
163,8/19/2019,Absent
163,1/16/2019,Absent
163,6/3/2019,Present
163,3/5/2019,Absent
163,3/4/2019,Present
163,11/11/2019,Present
163,6/20/2019,Absent
163,1/20/2019,Absent
163,3/12/2019,Present
164,5/17/2019,Present
164,8/11/2019,Present
164,11/8/2019,Absent
164,8/14/2019,Absent
164,12/25/2019,Present
164,6/18/2019,Present
164,12/19/2019,Absent
164,4/16/2019,Present
164,12/22/2019,Absent
164,6/12/2019,Absent
164,7/23/2019,Absent
164,12/9/2019,Absent
164,5/9/2019,Absent
164,11/3/2019,Absent
164,9/4/2019,Present
164,2/8/2019,Absent
164,2/5/2019,Present
164,2/28/2019,Present
164,12/26/2019,Present
164,3/19/2019,Absent
164,11/28/2019,Present
164,10/4/2019,Present
164,4/24/2019,Present
164,2/23/2019,Present
164,7/26/2019,Present
164,1/23/2019,Absent
165,9/7/2019,Present
165,12/16/2019,Present
165,8/10/2019,Present
165,8/6/2019,Present
165,3/7/2019,Present
165,12/4/2019,Present
165,4/6/2019,Present
165,3/13/2019,Absent
165,10/14/2019,Absent
165,4/14/2019,Absent
165,12/8/2019,Absent
165,5/25/2019,Present
165,2/16/2019,Present
165,10/25/2019,Present
165,11/25/2019,Absent
165,1/24/2019,Absent
165,10/25/2019,Absent
165,12/22/2019,Present
165,10/9/2019,Absent
165,8/12/2019,Absent
165,6/16/2019,Absent
165,6/18/2019,Present
165,4/19/2019,Absent
165,7/15/2019,Absent
165,7/15/2019,Absent
165,8/5/2019,Absent
165,7/1/2019,Absent
165,7/28/2019,Absent
165,6/1/2019,Present
165,3/19/2019,Present
166,1/13/2019,Absent
166,6/7/2019,Absent
166,3/10/2019,Absent
166,4/7/2019,Absent
166,7/14/2019,Present
166,8/22/2019,Present
166,2/11/2019,Absent
166,3/8/2019,Absent
166,4/14/2019,Absent
166,11/6/2019,Absent
166,11/20/2019,Present
166,10/5/2019,Absent
166,12/12/2019,Present
167,10/16/2019,Absent
167,6/14/2019,Absent
167,12/8/2019,Absent
167,11/16/2019,Absent
167,10/26/2019,Present
167,3/11/2019,Present
167,12/19/2019,Present
167,8/19/2019,Present
167,6/17/2019,Absent
167,3/20/2019,Absent
167,8/20/2019,Absent
167,2/15/2019,Present
167,5/23/2019,Present
167,8/8/2019,Present
167,6/12/2019,Absent
167,9/5/2019,Absent
167,8/11/2019,Present
167,11/7/2019,Present
167,5/24/2019,Present
167,9/26/2019,Present
167,7/14/2019,Present
168,5/7/2019,Present
168,1/21/2019,Absent
168,2/12/2019,Present
168,8/21/2019,Present
168,10/15/2019,Present
168,5/15/2019,Absent
168,5/6/2019,Absent
168,1/4/2019,Absent
168,9/16/2019,Absent
168,12/13/2019,Absent
168,11/11/2019,Absent
168,10/27/2019,Absent
168,6/19/2019,Present
168,9/2/2019,Present
168,8/3/2019,Present
168,3/4/2019,Present
168,2/25/2019,Absent
168,6/3/2019,Present
168,8/13/2019,Absent
169,7/23/2019,Present
169,4/15/2019,Absent
169,4/8/2019,Present
169,1/21/2019,Present
169,8/2/2019,Present
169,3/28/2019,Absent
169,6/13/2019,Absent
169,1/17/2019,Absent
169,1/22/2019,Absent
169,9/3/2019,Present
169,4/8/2019,Present
169,6/23/2019,Absent
169,9/27/2019,Present
169,3/18/2019,Absent
169,5/18/2019,Absent
169,3/27/2019,Absent
169,6/7/2019,Absent
169,7/4/2019,Absent
169,1/15/2019,Absent
169,4/6/2019,Absent
169,2/24/2019,Present
169,4/25/2019,Absent
169,12/22/2019,Absent
169,6/15/2019,Present
169,10/27/2019,Present
169,5/1/2019,Present
169,6/7/2019,Absent
169,12/11/2019,Absent
169,10/25/2019,Absent
169,8/18/2019,Present
170,10/4/2019,Present
170,10/2/2019,Absent
170,1/10/2019,Present
170,2/2/2019,Present
170,7/24/2019,Present
170,5/14/2019,Absent
170,1/4/2019,Absent
170,8/26/2019,Present
170,11/24/2019,Present
170,8/6/2019,Present
170,12/8/2019,Absent
170,5/1/2019,Absent
171,12/23/2019,Present
171,7/22/2019,Present
171,8/14/2019,Absent
171,3/1/2019,Present
171,11/3/2019,Absent
171,12/10/2019,Present
171,5/1/2019,Present
171,4/23/2019,Present
171,11/2/2019,Absent
171,9/23/2019,Present
171,12/28/2019,Absent
171,6/3/2019,Absent
172,9/6/2019,Absent
172,12/18/2019,Absent
172,12/21/2019,Present
172,10/13/2019,Absent
172,5/5/2019,Absent
172,11/18/2019,Absent
172,2/20/2019,Present
172,6/12/2019,Absent
172,9/28/2019,Present
172,6/17/2019,Present
172,10/11/2019,Present
172,10/5/2019,Present
172,12/13/2019,Absent
172,2/17/2019,Present
172,10/1/2019,Present
172,12/8/2019,Absent
172,8/4/2019,Absent
172,9/13/2019,Absent
172,4/19/2019,Absent
172,12/25/2019,Present
172,11/21/2019,Present
172,12/1/2019,Present
172,8/5/2019,Absent
172,4/25/2019,Present
172,9/21/2019,Present
173,1/1/2019,Present
173,3/27/2019,Present
173,2/9/2019,Present
173,7/12/2019,Present
173,12/20/2019,Absent
173,6/7/2019,Absent
173,11/20/2019,Absent
173,1/16/2019,Present
173,5/23/2019,Absent
173,9/25/2019,Absent
174,1/13/2019,Absent
174,2/16/2019,Present
174,2/8/2019,Present
174,8/13/2019,Present
174,10/16/2019,Absent
174,9/25/2019,Absent
174,4/20/2019,Present
174,11/5/2019,Present
174,9/15/2019,Present
174,8/9/2019,Absent
174,9/21/2019,Absent
174,10/4/2019,Absent
174,3/15/2019,Present
174,1/10/2019,Absent
174,2/22/2019,Present
174,4/16/2019,Present
174,7/25/2019,Present
174,7/2/2019,Present
174,6/28/2019,Absent
174,4/23/2019,Present
174,2/6/2019,Present
174,8/16/2019,Absent
174,1/23/2019,Absent
174,11/18/2019,Absent
174,1/9/2019,Absent
175,2/3/2019,Absent
175,8/13/2019,Present
175,3/4/2019,Present
175,10/6/2019,Absent
175,11/18/2019,Absent
175,8/3/2019,Present
175,10/14/2019,Present
175,4/7/2019,Present
175,12/23/2019,Absent
175,1/17/2019,Present
175,9/22/2019,Present
175,5/26/2019,Present
176,4/7/2019,Absent
176,8/7/2019,Absent
176,9/21/2019,Present
176,3/22/2019,Present
176,2/16/2019,Present
176,10/6/2019,Absent
176,11/12/2019,Absent
176,7/2/2019,Present
176,6/25/2019,Present
176,11/24/2019,Absent
176,8/20/2019,Present
176,12/5/2019,Absent
176,11/28/2019,Present
176,4/20/2019,Absent
176,2/14/2019,Absent
176,2/18/2019,Present
176,11/2/2019,Absent
176,5/15/2019,Absent
176,5/27/2019,Absent
176,5/28/2019,Absent
176,7/25/2019,Present
176,8/11/2019,Absent
176,6/18/2019,Present
176,5/21/2019,Absent
176,5/20/2019,Absent
177,4/19/2019,Absent
177,4/27/2019,Absent
177,5/9/2019,Present
177,10/26/2019,Absent
177,4/22/2019,Absent
177,4/26/2019,Present
177,2/24/2019,Absent
177,11/8/2019,Absent
177,3/21/2019,Absent
177,4/13/2019,Absent
177,10/15/2019,Present
177,5/20/2019,Present
177,7/27/2019,Absent
177,1/3/2019,Absent
177,8/15/2019,Absent
177,9/19/2019,Absent
177,1/14/2019,Absent
177,10/4/2019,Absent
177,6/4/2019,Present
177,6/25/2019,Present
178,2/9/2019,Absent
178,3/26/2019,Absent
178,4/2/2019,Present
178,1/4/2019,Absent
178,5/14/2019,Present
178,10/20/2019,Absent
178,9/12/2019,Present
178,1/18/2019,Present
178,3/26/2019,Absent
178,4/18/2019,Present
178,2/19/2019,Absent
179,2/4/2019,Absent
179,4/8/2019,Present
179,3/8/2019,Present
179,4/22/2019,Absent
179,8/7/2019,Present
179,7/23/2019,Present
179,12/13/2019,Absent
179,1/18/2019,Present
179,11/16/2019,Absent
179,6/1/2019,Absent
179,8/20/2019,Present
179,12/3/2019,Absent
179,3/26/2019,Present
179,6/12/2019,Present
179,12/10/2019,Absent
179,10/16/2019,Present
179,11/23/2019,Present
179,7/19/2019,Absent
179,1/16/2019,Absent
179,7/3/2019,Absent
179,4/9/2019,Absent
179,8/6/2019,Present
179,1/13/2019,Present
179,2/23/2019,Present
179,10/23/2019,Absent
180,9/9/2019,Absent
180,3/28/2019,Present
180,4/14/2019,Present
180,4/28/2019,Present
180,10/21/2019,Present
180,5/18/2019,Absent
180,3/8/2019,Present
180,10/23/2019,Present
180,5/27/2019,Present
180,8/18/2019,Present
180,3/18/2019,Present
180,1/11/2019,Absent
181,1/17/2019,Present
181,7/5/2019,Absent
181,3/28/2019,Absent
181,10/26/2019,Present
181,8/6/2019,Present
181,3/21/2019,Present
181,2/13/2019,Absent
181,8/17/2019,Absent
181,9/18/2019,Absent
181,11/17/2019,Absent
181,5/17/2019,Present
181,9/28/2019,Present
181,4/3/2019,Absent
181,5/4/2019,Absent
181,7/13/2019,Present
181,6/16/2019,Present
181,4/14/2019,Present
181,8/28/2019,Present
181,11/26/2019,Present
181,3/1/2019,Absent
181,5/16/2019,Absent
181,6/7/2019,Absent
181,1/8/2019,Present
181,5/12/2019,Absent
181,7/21/2019,Present
181,10/10/2019,Absent
182,8/3/2019,Present
182,5/17/2019,Present
182,3/24/2019,Absent
182,1/1/2019,Absent
182,1/15/2019,Absent
182,6/20/2019,Absent
182,1/26/2019,Present
182,8/25/2019,Present
182,11/25/2019,Present
182,3/27/2019,Absent
182,12/24/2019,Present
183,4/3/2019,Absent
183,7/8/2019,Absent
183,1/5/2019,Present
183,7/26/2019,Present
183,7/18/2019,Present
183,1/3/2019,Present
183,5/24/2019,Present
183,4/15/2019,Present
183,11/16/2019,Absent
183,6/20/2019,Absent
183,8/9/2019,Absent
183,11/22/2019,Present
183,11/22/2019,Absent
183,10/25/2019,Present
184,7/16/2019,Absent
184,8/24/2019,Present
184,10/10/2019,Absent
184,2/27/2019,Present
184,4/8/2019,Present
184,2/23/2019,Absent
184,7/24/2019,Absent
184,5/3/2019,Absent
184,11/3/2019,Present
184,7/13/2019,Present
185,8/1/2019,Absent
185,2/10/2019,Absent
185,7/19/2019,Absent
185,4/10/2019,Present
185,6/6/2019,Absent
185,2/4/2019,Present
185,3/18/2019,Present
185,12/21/2019,Present
185,1/16/2019,Present
185,5/27/2019,Absent
185,11/19/2019,Present
185,5/11/2019,Present
185,1/20/2019,Present
185,3/13/2019,Absent
185,2/9/2019,Present
185,10/10/2019,Absent
185,10/28/2019,Present
185,8/20/2019,Absent
185,1/13/2019,Present
185,12/16/2019,Absent
185,9/10/2019,Absent
185,7/26/2019,Absent
185,11/11/2019,Absent
186,12/5/2019,Present
186,10/4/2019,Absent
186,3/5/2019,Absent
186,6/23/2019,Present
186,12/16/2019,Present
186,11/22/2019,Absent
186,12/7/2019,Present
186,6/6/2019,Absent
186,2/2/2019,Absent
186,7/6/2019,Absent
186,11/13/2019,Absent
186,8/5/2019,Absent
186,11/11/2019,Present
186,1/28/2019,Absent
187,2/16/2019,Absent
187,3/2/2019,Present
187,9/20/2019,Absent
187,4/24/2019,Present
187,1/21/2019,Absent
187,10/12/2019,Present
187,8/25/2019,Present
187,4/5/2019,Absent
187,9/13/2019,Present
187,7/25/2019,Present
187,8/24/2019,Absent
187,9/25/2019,Absent
187,6/1/2019,Present
187,8/27/2019,Absent
187,10/19/2019,Absent
187,10/8/2019,Absent
187,11/28/2019,Present
187,11/19/2019,Absent
187,1/17/2019,Present
187,8/8/2019,Absent
187,1/3/2019,Absent
187,9/27/2019,Absent
187,1/17/2019,Absent
188,11/2/2019,Present
188,9/22/2019,Present
188,4/13/2019,Absent
188,3/18/2019,Present
188,11/14/2019,Present
188,8/1/2019,Absent
188,3/22/2019,Absent
188,7/6/2019,Present
188,12/6/2019,Absent
188,5/18/2019,Present
188,2/5/2019,Present
188,4/3/2019,Absent
188,3/4/2019,Absent
188,2/17/2019,Absent
188,9/4/2019,Absent
188,2/12/2019,Absent
188,3/13/2019,Absent
188,12/1/2019,Present
188,2/6/2019,Present
188,9/27/2019,Present
188,8/25/2019,Present
188,6/28/2019,Absent
188,2/26/2019,Absent
188,4/6/2019,Absent
188,10/24/2019,Present
188,11/25/2019,Absent
188,7/11/2019,Present
188,1/2/2019,Present
188,10/12/2019,Absent
189,6/14/2019,Present
189,6/28/2019,Present
189,2/20/2019,Present
189,10/5/2019,Absent
189,2/20/2019,Absent
189,4/10/2019,Absent
189,5/2/2019,Present
189,5/22/2019,Present
189,12/9/2019,Present
189,5/11/2019,Present
189,9/12/2019,Absent
189,12/10/2019,Present
189,5/11/2019,Present
189,3/17/2019,Present
189,6/4/2019,Absent
189,6/11/2019,Present
189,10/7/2019,Present
189,4/2/2019,Present
189,12/18/2019,Absent
189,9/22/2019,Absent
189,1/10/2019,Absent
189,2/22/2019,Present
189,3/3/2019,Present
189,2/16/2019,Absent
189,7/18/2019,Present
189,10/18/2019,Present
189,2/11/2019,Present
189,11/26/2019,Present
189,12/23/2019,Present
189,7/1/2019,Absent
190,12/25/2019,Absent
190,9/8/2019,Present
190,10/22/2019,Absent
190,6/5/2019,Absent
190,10/10/2019,Present
190,12/14/2019,Absent
190,1/4/2019,Present
190,12/9/2019,Present
190,11/19/2019,Present
190,3/23/2019,Present
190,12/2/2019,Absent
190,3/7/2019,Present
190,10/1/2019,Present
190,12/1/2019,Absent
190,4/15/2019,Present
190,6/11/2019,Absent
190,11/17/2019,Absent
190,11/7/2019,Present
190,4/13/2019,Present
190,8/16/2019,Absent
190,1/9/2019,Absent
190,3/2/2019,Present
190,12/15/2019,Present
190,7/4/2019,Present
190,5/9/2019,Present
190,8/26/2019,Present
190,10/15/2019,Present
190,8/7/2019,Absent
191,7/9/2019,Present
191,8/5/2019,Present
191,11/16/2019,Present
191,2/9/2019,Absent
191,12/4/2019,Absent
191,12/13/2019,Present
191,4/10/2019,Present
191,11/18/2019,Present
191,11/16/2019,Present
191,3/1/2019,Absent
191,10/11/2019,Present
191,3/4/2019,Absent
191,5/23/2019,Present
191,11/13/2019,Absent
191,2/13/2019,Present
191,4/11/2019,Absent
191,6/16/2019,Absent
191,8/8/2019,Present
191,12/3/2019,Present
191,4/14/2019,Present
191,8/14/2019,Present
191,2/22/2019,Absent
191,12/5/2019,Present
191,4/12/2019,Absent
191,1/19/2019,Absent
192,10/15/2019,Present
192,6/8/2019,Present
192,5/26/2019,Present
192,1/16/2019,Present
192,11/25/2019,Present
192,8/27/2019,Absent
192,6/4/2019,Present
192,10/9/2019,Absent
192,6/25/2019,Present
192,1/24/2019,Present
192,11/9/2019,Present
192,4/24/2019,Present
192,4/27/2019,Present
192,5/15/2019,Absent
192,4/20/2019,Present
192,12/24/2019,Absent
192,11/14/2019,Present
192,3/16/2019,Present
192,6/2/2019,Absent
192,2/3/2019,Present
192,2/5/2019,Absent
192,4/23/2019,Absent
192,12/17/2019,Absent
192,8/6/2019,Present
192,8/14/2019,Absent
192,5/11/2019,Present
192,12/26/2019,Present
192,4/13/2019,Absent
192,2/28/2019,Present
192,1/8/2019,Present
193,8/13/2019,Present
193,1/17/2019,Present
193,3/8/2019,Present
193,4/18/2019,Absent
193,9/18/2019,Absent
193,6/18/2019,Present
193,1/14/2019,Present
193,3/26/2019,Present
193,9/5/2019,Present
193,7/24/2019,Present
193,12/25/2019,Present
193,11/9/2019,Absent
193,1/2/2019,Present
193,11/23/2019,Present
193,2/11/2019,Present
193,2/23/2019,Present
193,8/26/2019,Absent
193,1/26/2019,Present
193,12/5/2019,Absent
193,7/22/2019,Absent
193,5/9/2019,Present
193,10/22/2019,Absent
193,5/16/2019,Present
193,3/6/2019,Absent
193,9/20/2019,Absent
193,7/16/2019,Absent
193,8/1/2019,Present
194,11/9/2019,Absent
194,6/21/2019,Absent
194,12/17/2019,Present
194,7/13/2019,Present
194,7/5/2019,Present
194,6/12/2019,Absent
194,5/27/2019,Absent
194,12/2/2019,Present
194,11/16/2019,Present
194,4/14/2019,Absent
195,6/26/2019,Present
195,3/3/2019,Present
195,2/28/2019,Present
195,9/17/2019,Absent
195,11/24/2019,Present
195,9/16/2019,Present
195,9/7/2019,Present
195,9/21/2019,Absent
195,4/5/2019,Present
195,12/13/2019,Absent
195,12/6/2019,Absent
195,7/10/2019,Present
195,7/25/2019,Absent
195,12/24/2019,Absent
195,4/4/2019,Absent
195,2/15/2019,Absent
195,5/21/2019,Absent
195,6/25/2019,Present
195,3/13/2019,Absent
195,6/18/2019,Absent
195,4/28/2019,Present
195,11/3/2019,Absent
195,7/26/2019,Absent
195,9/19/2019,Present
195,4/24/2019,Present
195,9/23/2019,Present
195,5/11/2019,Present
195,8/20/2019,Present
195,11/23/2019,Absent
196,1/28/2019,Present
196,4/7/2019,Absent
196,4/27/2019,Absent
196,12/4/2019,Present
196,3/26/2019,Present
196,12/20/2019,Absent
196,12/26/2019,Present
196,10/7/2019,Present
196,11/22/2019,Present
196,3/13/2019,Present
196,1/14/2019,Present
196,2/25/2019,Absent
196,6/13/2019,Absent
196,9/24/2019,Present
196,1/6/2019,Present
196,1/19/2019,Absent
196,2/18/2019,Present
196,4/23/2019,Absent
196,11/23/2019,Absent
196,10/4/2019,Absent
196,1/20/2019,Absent
196,6/20/2019,Present
196,1/3/2019,Present
196,2/28/2019,Absent
196,2/18/2019,Present
196,7/17/2019,Present
196,10/5/2019,Absent
196,4/6/2019,Present
196,4/20/2019,Present
196,2/8/2019,Absent
197,7/3/2019,Present
197,12/24/2019,Absent
197,3/17/2019,Present
197,6/21/2019,Absent
197,4/16/2019,Absent
197,7/26/2019,Present
197,2/24/2019,Present
197,1/7/2019,Present
197,9/7/2019,Absent
197,10/3/2019,Present
197,7/5/2019,Present
197,6/24/2019,Present
197,4/9/2019,Absent
197,1/27/2019,Present
197,7/19/2019,Absent
197,7/25/2019,Present
197,10/7/2019,Absent
197,5/24/2019,Present
197,4/10/2019,Present
197,9/15/2019,Absent
198,4/16/2019,Present
198,7/2/2019,Absent
198,10/24/2019,Present
198,11/12/2019,Present
198,10/27/2019,Absent
198,10/19/2019,Absent
198,5/19/2019,Present
198,12/15/2019,Present
198,7/25/2019,Absent
198,10/19/2019,Absent
198,9/21/2019,Absent
198,2/17/2019,Absent
198,10/13/2019,Present
198,3/11/2019,Absent
198,1/25/2019,Absent
198,10/20/2019,Present
198,3/7/2019,Present
198,5/25/2019,Absent
198,7/19/2019,Present
199,10/23/2019,Absent
199,3/13/2019,Absent
199,7/1/2019,Present
199,12/7/2019,Present
199,9/20/2019,Absent
199,11/8/2019,Present
199,11/18/2019,Absent
199,1/12/2019,Present
199,3/23/2019,Absent
199,6/1/2019,Present
199,7/19/2019,Present
199,7/22/2019,Absent
199,10/13/2019,Present
199,4/1/2019,Absent
199,2/22/2019,Present
199,4/26/2019,Absent
199,2/9/2019,Absent
199,7/18/2019,Absent
199,9/9/2019,Present
199,1/27/2019,Absent
199,4/1/2019,Absent
199,10/13/2019,Absent
199,2/2/2019,Absent
200,4/3/2019,Present
200,10/11/2019,Present
200,1/3/2019,Present
200,10/21/2019,Absent
200,11/20/2019,Absent
200,1/15/2019,Present
200,11/17/2019,Absent
200,11/14/2019,Present
200,12/12/2019,Absent
200,5/1/2019,Absent
200,8/20/2019,Present
200,1/23/2019,Present
200,12/13/2019,Absent
200,11/5/2019,Absent
200,1/18/2019,Absent
200,12/21/2019,Absent
200,1/6/2019,Present
200,5/1/2019,Absent
200,2/7/2019,Absent
200,4/3/2019,Absent
200,6/23/2019,Present
200,6/13/2019,Present
200,8/1/2019,Present
200,11/4/2019,Present
200,1/13/2019,Absent
200,4/27/2019,Absent
