EmployeeID,FirstName,LastName,Department,HireDate,Salary
1,Jane,Doe,Sales,2016-04-05,85741.0
2,Jane,Taylor,HR,2015-01-03,51739.0
3,Daniel,Williams,HR,2016-08-19,99729.0
4,Bob,Miller,Sales,2017-03-07,56078.0
5,David,Smith,Sales,2017-10-09,85142.0
6,Jane,Miller,Engineering,2019-05-27,73700.0
7,Laura,Williams,Engineering,2015-11-08,65256.0
8,Jane,Miller,Sales,2018-11-27,63730.0
9,Michael,Smith,Marketing,2019-12-08,91943.0
10,Daniel,Williams,Sales,2015/04/27,67546.0
11,Jane,Williams,Sales,2016-11-16,80071.0
12,Bob,Brown,Marketing,2016-12-18,78077.0
13,Laura,Miller,Sales,2016-03-17,57185.0
14,Bob,Johnson,HR,2019-02-13,84676.0
15,Michael,Moore,Engineering,2015-11-18,72293.0
16,Jane,Brown,HR,2016-08-01,67261.0
17,Daniel,Johnson,Engineering,2017-11-17,99971.0
18,Bob,Moore,Engineering,2019/06/16,70153.0
19,Alice,Doe,Marketing,2019-02-03,99846.0
20,Daniel,Johnson,Marketing,2018-09-06,77730.0
21,Alice,Moore,Marketing,2017-07-22,83919.0
22,Jessica,Smith,Marketing,2016/02/11,88564.0
23,Alice,Doe,Engineering,2015-04-03,54643.0
24,Daniel,Williams,Sales,2018-04-18,87423.0
25,Laura,Wilson,Marketing,2018/07/07,73219.0
26,David,Miller,HR,2015-11-21,
27,David,Davis,Engineering,2016-04-07,62025.0
28,Michael,Wilson,Marketing,2015-08-26,53315.0
29,Daniel,Doe,Engineering,2016-03-14,76282.0
30,John,Johnson,HR,2015-07-09,68694.0
31,David,Moore,HR,2016-04-10,
32,Daniel,Doe,Sales,2015-01-19,84807.0
33,Bob,Doe,Engineering,2016/02/20,76461.0
34,Jane,Taylor,Marketing,2019-10-02,88251.0
35,Laura,Moore,Sales,2017-04-22,75938.0
36,Bob,Brown,HR,2017-02-01,56552.0
37,Jane,Moore,Marketing,2019-05-05,66009.0
38,Emily,Brown,Marketing,2018-09-23,92858.0
39,Daniel,Doe,Sales,2015-03-09,86256.0
40,Bob,Brown,Sales,2019-04-23,67300.0
41,Daniel,Wilson,Sales,2015-02-21,50232.0
42,Emily,Johnson,Sales,2016-12-15,50633.0
43,Jane,Smith,Marketing,2019-01-27,78166.0
44,Bob,Doe,Sales,2017-01-12,56736.0
45,Emily,Moore,HR,2019-12-05,60649.0
46,Bob,Miller,Engineering,2016-12-11,93903.0
47,Alice,Brown,Marketing,2015/07/28,63079.0
48,Jessica,Davis,Sales,2016-04-01,68258.0
49,Jane,Brown,Sales,2019-07-22,51808.0
50,Jane,Brown,Marketing,2019-05-02,97745.0
51,Emily,Miller,Engineering,2018-10-07,50110.0
52,Daniel,Moore,Marketing,2017-07-03,90839.0
53,Emily,Smith,Sales,2019-05-22,69376.0
54,Daniel,Johnson,Marketing,2018-11-13,90338.0
55,Laura,Brown,HR,2019-01-10,88009.0
56,Laura,Davis,HR,2018-08-22,98231.0
57,Bob,Smith,Sales,2019-11-21,
58,Alice,Brown,Marketing,2016/03/01,90060.0
59,Jane,Wilson,HR,2019-04-23,65989.0
60,Bob,Doe,Engineering,2018-04-06,80444.0
61,John,Moore,Marketing,2015-08-05,86629.0
62,Laura,Davis,HR,2019-12-17,79223.0
63,Bob,Wilson,HR,2017-04-27,84163.0
64,Jessica,Williams,Sales,2018-02-23,70952.0
65,Daniel,Smith,Marketing,2016-04-13,54209.0
66,David,Miller,Sales,2019/08/14,75524.0
67,Laura,Doe,HR,2018-01-12,77460.0
68,Daniel,Moore,Marketing,2018-04-09,
69,Emily,Miller,Marketing,2018-03-20,88790.0
70,Laura,Doe,Engineering,2018-03-28,
71,David,Davis,Marketing,2018-06-11,99283.0
72,David,Brown,Engineering,2018-01-24,72935.0
73,Alice,Smith,Engineering,2015-04-07,65633.0
74,Bob,Wilson,Engineering,2019-04-15,60996.0
75,Laura,Taylor,Engineering,2016-05-04,87735.0
76,David,Miller,Marketing,2015-10-23,95691.0
77,Michael,Taylor,Engineering,2019-01-12,54519.0
78,Daniel,Davis,Engineering,2018-08-04,80129.0
79,Bob,Miller,Marketing,2019-11-09,81686.0
80,Jessica,Miller,Sales,2017-04-27,79543.0
81,Alice,Wilson,HR,2017-01-16,63901.0
82,Emily,Brown,Sales,2017-10-23,83857.0
83,Alice,Smith,Marketing,2018-08-18,92329.0
84,Jessica,Wilson,Engineering,2015-05-08,93513.0
85,Laura,Davis,HR,2019-09-12,71678.0
86,Emily,Wilson,Sales,2017-05-08,57835.0
87,Daniel,Johnson,Marketing,2016-12-16,99820.0
88,Daniel,Taylor,Sales,2015-04-10,50927.0
89,Daniel,Johnson,Sales,2015-01-18,91803.0
90,Jessica,Smith,Engineering,2019-05-16,53367.0
91,Michael,Wilson,Engineering,2015/07/16,53513.0
92,Bob,Johnson,Sales,2015-04-04,89067.0
93,Laura,Williams,HR,2018-08-10,70013.0
94,Laura,Taylor,Engineering,2019-12-04,63829.0
95,Michael,Smith,Marketing,2016/03/18,
96,Jessica,Taylor,HR,2017-01-08,79755.0
97,Jane,Williams,Sales,2019-11-26,85688.0
98,Alice,Johnson,Sales,2016-02-02,99083.0
99,Laura,Brown,HR,2015-08-23,67841.0
100,Daniel,Moore,HR,2018/02/20,71123.0
101,Laura,Brown,Engineering,2015-04-22,51359.0
102,Michael,Taylor,Engineering,2016-08-17,61894.0
103,Laura,Miller,HR,2015-08-12,56855.0
104,Bob,Davis,HR,2018-05-22,86051.0
105,John,Wilson,Engineering,2017-05-11,83724.0
106,John,Moore,HR,2018-01-07,82669.0
107,Jessica,Doe,Marketing,2017-09-05,95760.0
108,Jessica,Smith,Engineering,2019-04-23,86192.0
109,David,Smith,Marketing,2015-08-04,96963.0
110,Michael,Moore,Sales,2018-08-16,75138.0
111,Alice,Taylor,Marketing,2015-05-25,83275.0
112,Michael,Doe,Sales,2017-10-19,59738.0
113,Jessica,Moore,HR,2017-06-18,71088.0
114,Alice,Williams,HR,2016-07-02,74984.0
115,David,Johnson,HR,2015-03-17,56577.0
116,Jessica,Smith,HR,2015-12-05,60116.0
117,Jane,Wilson,Sales,2017-10-23,
118,Emily,Moore,HR,2017-11-23,85456.0
119,John,Taylor,Engineering,2016-11-22,98940.0
120,Jane,Miller,Engineering,2015-08-06,53014.0
121,Emily,Doe,Sales,2017-06-14,87088.0
122,Bob,Johnson,Marketing,2015-10-28,82615.0
123,Laura,Johnson,Marketing,2018-11-09,80490.0
124,Michael,Moore,Marketing,2015-08-12,77807.0
125,Michael,Wilson,Sales,2016-07-28,87481.0
126,Emily,Taylor,Sales,2017-01-27,87088.0
127,John,Taylor,HR,2017-04-20,62460.0
128,Laura,Brown,Marketing,2015/11/21,52186.0
129,Laura,Davis,Marketing,2015-05-11,58661.0
130,Daniel,Davis,Sales,2016-05-27,69342.0
131,Emily,Smith,HR,2015-03-25,97462.0
132,David,Moore,Sales,2015-07-01,74155.0
133,Michael,Taylor,HR,2017-02-22,
134,Daniel,Davis,Marketing,2015-11-27,92548.0
135,David,Smith,Marketing,2015-01-10,65387.0
136,Daniel,Johnson,HR,2018-06-22,85402.0
137,David,Taylor,Marketing,2018-11-04,68333.0
138,John,Davis,Marketing,2018-08-08,
139,Emily,Moore,Sales,2015-07-09,79800.0
140,Jane,Williams,Engineering,2015-06-08,63448.0
141,Jane,Moore,Marketing,2019-04-27,59670.0
142,Laura,Doe,Sales,2016-03-18,93323.0
143,John,Johnson,Engineering,2017-04-19,53434.0
144,Bob,Miller,Engineering,2015-08-15,57146.0
145,Jessica,Moore,Marketing,2019-01-24,84173.0
146,Michael,Wilson,Engineering,2015-08-28,82130.0
147,Jessica,Smith,Engineering,2017/10/05,91489.0
148,Laura,Moore,Sales,2018-10-17,78193.0
149,Jane,Smith,Marketing,2018-08-08,76131.0
150,David,Smith,Sales,2018-06-22,95011.0
151,Jessica,Smith,Engineering,2015/02/14,58527.0
152,Daniel,Doe,Sales,2015-07-12,77717.0
153,John,Brown,Sales,2017-02-19,81600.0
154,Alice,Smith,Sales,2019-06-04,78122.0
155,Daniel,Taylor,Engineering,2019-11-27,
156,Michael,Brown,Sales,2017-01-06,76265.0
157,Jane,Johnson,Engineering,2015-12-17,72340.0
158,Bob,Davis,Sales,2017/10/20,
159,Bob,Taylor,Engineering,2015-05-15,78969.0
160,David,Brown,Marketing,2019-02-12,94465.0
161,Laura,Wilson,Sales,2015-04-13,
162,Alice,Brown,Marketing,2016-05-10,
163,David,Johnson,Marketing,2018-09-23,93781.0
164,Emily,Smith,HR,2015-07-01,
165,Emily,Taylor,HR,2019-07-23,76544.0
166,John,Davis,Marketing,2019-08-27,78620.0
167,Jane,Williams,HR,2019/07/17,98877.0
168,Emily,Williams,Sales,2016-02-17,62707.0
169,Emily,Davis,Marketing,2016-02-05,60018.0
170,Jane,Johnson,HR,2018-10-25,86994.0
171,Laura,Davis,Sales,2016-08-03,68001.0
172,Laura,Doe,Sales,2019-02-10,
173,Emily,Brown,Engineering,2015-10-20,86327.0
174,John,Wilson,Marketing,2017-10-16,79525.0
175,Jane,Davis,Engineering,2019/11/06,78797.0
176,Daniel,Moore,Marketing,2017-06-10,94492.0
177,Laura,Doe,Sales,2015-06-04,66514.0
178,Laura,Johnson,Sales,2015-10-22,92995.0
179,David,Johnson,Engineering,2017-09-13,58375.0
180,Daniel,Smith,HR,2019-06-01,64037.0
181,Emily,Wilson,Marketing,2016/03/05,56628.0
182,Daniel,Moore,Engineering,2017-10-05,61851.0
183,Laura,Johnson,HR,2015-07-12,79111.0
184,Laura,Brown,HR,2016-09-08,80737.0
185,Alice,Davis,HR,2018-05-25,60620.0
186,Alice,Taylor,Marketing,2017-01-21,56723.0
187,Daniel,Smith,Sales,2015-03-09,78670.0
188,Jane,Williams,HR,2017/01/14,65451.0
189,David,Smith,Sales,2016-01-11,92595.0
190,Emily,Johnson,Marketing,2015-05-27,99731.0
191,Jessica,Wilson,Engineering,2015-01-09,97660.0
192,Laura,Moore,HR,2015-05-08,
193,David,Taylor,HR,2015-02-27,51077.0
194,Daniel,Taylor,Marketing,2016/05/14,87399.0
195,David,Johnson,Engineering,2019-06-03,83267.0
196,Daniel,Doe,HR,2018-01-21,98976.0
197,John,Davis,Engineering,2017-04-24,88135.0
198,Emily,Johnson,Engineering,2017-09-11,94871.0
199,Jessica,Wilson,Marketing,2016-02-23,69231.0
200,Alice,Doe,Marketing,2015-06-10,85588.0
